COMM_NAME,COMM_CODE,COMM_WT,INDEX20122013,INDEX20132014,INDEX20142015,INDEX20152016,INDEX20162017,INDEX20172018,INDEX20182019,INDEX20192020,INDEX20202021,INDEX20212022,INDEX20222023
Bajra,1101010104,0.08637,120,133,129.6,133.8,155.1,139.1,150.4,193.7,161.2,167.9,213
Masur,1101010204,0.05299,115.5,132.9,153.9,188,176.9,135.4,122.9,139.8,160.3,192.5,200.3
b1. VEGETABLES,1101020100,1.87448,123.5,163.6,159.4,145.7,138,164,150.2,197,203.6,204.5,215
Sweet Potato,1101020102,0.02051,100.2,104.7,117.8,71,71,71,69.5,68.6,69.9,82.6,99.7
Tomato,1101020107,0.28446,116.5,160.5,160.6,173.6,131.6,222.5,151.1,249,257.7,269,291
Cauliflower,1101020108,0.16697,110.5,125.6,122.6,110.9,118.2,107.6,140.2,192,177.7,231.9,212.7
Brinjal,1101020109,0.24125,110.2,134.6,122.4,123,125.8,177.5,160,179.2,172.4,214.9,200.7
Drumstick,1101020120,0.01823,103.9,157.1,189.7,132.6,130.9,196,155.3,229.7,206.7,296.6,278.5
Apple,1101020203,0.07505,106.9,104.3,110,101,109.1,114.3,108.7,104.1,113.9,130.4,125.3
Litchi,1101020211,0.02955,141.2,138.5,164.7,169.8,186.2,163.4,129.8,131.7,127.5,126.7,218.2
Lemon,1101020212,0.06575,119.7,110.9,141,130.7,127.8,102.4,134.3,138,103.1,115,149.8
Sapota,1101020213,0.02814,115,111.9,115,103.8,107,115.8,149,162.9,147.7,164.5,216
Walnut,1101020220,0.02599,116,144.9,164.6,168.7,171.2,182.2,184.2,192.5,221.4,225.1,244.1
Milk,1101030001,4.43999,107.6,116,126.6,130.5,134.3,139.7,143.1,146.7,153.4,156.9,167.8
Turmeric,1101050003,0.10015,79.8,103,109.3,121.5,117.3,119.7,118.7,114,115.5,124,116.1
Betelnut/Arecanut,1101050006,0.08487,103.9,111,149.2,177.4,166.7,169.5,187.7,192.9,218.4,260.5,269.2
Tamarind,1101050010,0.00964,75.3,92.5,105.1,100.7,125.6,154.9,181.5,161.2,170.5,145.4,135
Tea,1101060001,0.12359,132.3,130.8,117.6,120.9,140.1,130.5,140.9,134.1,188.2,162,167.6
Coffee,1101060002,0.09879,97,88.3,112,106.6,99.5,98.2,94,96.7,102.5,119,151.5
a.  FIBRES,1102010000,0.83931,99,113.7,103,99.1,117.1,119,127,128.2,119.8,158.4,203
Raw Jute,1102010002,0.05453,110.3,120.9,132.5,181.5,208,160.4,181.9,200.7,235.3,287.1,270.7
Cotton Seed,1102020003,0.01106,108.7,116.2,117.4,136.4,160.2,143.8,139.4,149.7,158.8,178.6,183.1
Linseed,1102020006,0.0064,125.4,126.4,127.3,132.5,167.6,155.5,146.2,161.5,171.6,220.5,234.4
Soyabean,1102020011,0.37606,149.4,157.5,154.6,151.1,143.8,129.9,150.1,164,174.6,280.8,251.6
c.  OTHER NON-FOOD ARTICLES,1102030000,1.96043,112,114.3,109.2,113.1,114.9,110.9,107.3,104.8,109,119.9,131.2
Marigold,1102040003,0.03063,103.9,125.4,139.1,128.3,132.1,140,134.6,129.7,109.8,117.9,127
Copper Concentrate,1103010006,0.33393,118.4,112.6,120.7,107.7,118.9,119.2,133.3,182.5,200.6,220.9,240.9
II FUEL & POWER,1200000000,13.1519,107.1,114.7,107.7,86.5,86.3,93.3,104.1,102.2,94,124.6,159.5
b.) Non-Coking Coal G7 to G14 [GCV 3100 Kcal/kg. to 5500 Kcal/kg.],1201020002,0.88904,101.9,108.9,113.3,113.3,121.2,126,136.7,136.7,137.1,137.8,137.8
c.) Non-Coking Coal G15 to G17 [GCV < 3100 Kcal/kg.],1201020003,0.01203,103.3,110.8,115.4,115.4,126.3,127.3,123.1,123.1,123.8,125.2,125.2
c. Lignite,1201030000,0.09013,98.9,99.2,99.2,94.7,90.2,104.2,120.3,129.1,130.9,170.5,271.1
(B). MINERAL OILS,1202000000,7.94968,110.9,121.6,108.7,73.9,73.3,82.5,96.7,92.3,79.2,126.2,172.9
LPG,1202000001,0.64481,107.8,118.6,103.5,76.7,72,82.2,92.1,84.5,82.2,117.8,130.9
Petrol,1202000002,1.6047,114.9,124.6,108.6,75.7,72.4,80.3,88.4,85.6,75.5,123,164.1
Naphtha,1202000006,0.86678,109.8,119.4,103,66.9,66.5,74.5,92.6,82.3,65.1,115.8,135.9
"Other meats, preserved/processed",1301010003,0.01934,110.2,119.5,126.6,131.4,134.6,141.1,148.1,156.1,149.5,158.1,171.8
"Sauces of Vegetables (Tomato, Chilli, Soya & others)",1301030004,0.03397,103.6,102.1,112,113.6,116.8,111.1,108.2,109,117.4,121.3,126.6
Vanaspati,1301040001,0.37937,103.4,101.7,103.3,97.1,107,111.1,119.8,126.3,141.5,170.8,167.8
Castor Oil,1301040006,0.02955,92.9,97.2,103.4,97.4,95.9,106.8,112.7,116.3,111,139.9,165.6
"Flour of cereals other than rice, wheat etc.",1301060005,0.00742,133.3,139.8,146.3,162.5,178,164.6,168,188.4,207.7,238,244.8
Gur,1301090004,0.02354,112,116.2,116.7,109.9,123.1,133.1,124.9,131,132.9,134.5,140.5
Honey,1301090005,0.01122,100.3,109.9,137.3,145.1,136,145.6,141.5,153.8,156.5,171.5,177.3
Sugar confectionary,1301100002,0.07816,105.3,107.1,111.6,113.9,120.7,124.4,122.8,127.1,130.2,128.4,132
Noodles & similar extruded products,1301110001,0.0264,107.3,112.6,117.2,122.1,137.1,131.4,134.5,132.7,132.3,136.7,155.8
m. Manufacture of Processed condiments & salt,1301130000,0.16302,96.8,106.6,114.6,121.6,124.5,118.2,122.2,132.4,147,157.5,176.5
Salt,1301130002,0.02692,108,113.8,116.1,111.6,111.2,113.5,114.7,121.7,130.7,143.9,166.3
Instant Food/Prepared meals based on vegetables,1301140001,0.02428,105.4,108.5,116.7,123,126.3,127.2,127,128.7,132.2,137,141.2
Whey powder,1301150002,0.04023,109.3,143.4,138.9,141.3,126.9,122.3,120.6,119.5,106.8,113.2,140.8
p. Manufacture of prepared animal feeds,1301160000,0.3563,125.7,138.3,139.1,152.9,165.4,153,157.5,173.6,170.5,200.9,208.8
Aerated drinks/soft drinks (incl. soft drink concentrates),1302030001,0.25793,105.8,112,115.5,120.9,122.1,127.7,131.6,130.9,129.6,128.7,123.4
(C). MANUFACTURE OF TOBACCO PRODUCTS,1303000000,0.51357,108.4,114.4,123.3,133,141.6,148.4,150.4,153.4,157.2,160.2,165.3
Woollen yarn,1304010004,0.10192,101.1,108.1,111.4,105.5,106,107.6,113.2,114.7,108.8,115.8,114.8
"Fabric, polyethylene",1304020005,0.05304,110.8,120.2,121.7,115.8,113.1,116.9,122.6,117.2,117.4,129.8,125
Quilts,1304040003,0.009,94.2,94.4,94.6,95.4,96.4,95.3,102.6,114.2,120.8,122,127
f. Manufacture of other textiles,1304060000,0.20089,102.3,110,112.3,112.3,112.9,117.5,118.3,116.8,116.3,126.2,132.2
b. Manufacture of knitted and crocheted apparel,1305020000,0.2209,103.8,111.8,115,116.5,123.3,134.5,137,135.9,139.8,145.8,152.2
Belt & Other Articles of Leather,1306020002,0.01909,103.7,109.7,108,130,126.6,125.4,127.9,127.5,129.3,132.5,137.7
"Harness, Saddles & Other related Items",1306020003,0.00831,114.4,139.2,136.6,138.4,134.3,131.4,133.3,133.1,132.8,132.1,133.9
a. Saw milling and planing of wood,1307010000,0.12417,110.6,115.3,119.5,119.9,122.9,120.5,124.5,122.2,120.7,128.8,137.6
c. Manufacture of builders carpentry and joinery,1307030000,0.03558,111,115.8,125,140.1,153.8,159.8,158.7,176.2,185.8,193.9,204
Wooden board (non-electrical),1307030002,0.00862,103.7,109.9,112.7,112.9,113.3,107.8,102.1,103.6,101.9,101.8,100.5
"a. Manufacture of pulp, paper and paperboard",1308010000,0.49296,103.3,111.2,116.1,115.5,117.7,122.3,129.3,125,124.1,141.4,158.4
b. Manufacture of corrugated paper and paperboard and containers of paper and paperboard,1308020000,0.31422,107.7,112,114.2,113.5,114.7,116.1,116.5,115,122.2,137.8,148.3
Sticker plastic,1309010007,0.01846,97.5,97,96.7,93.1,87.6,88.8,89.7,91.4,89.6,94.6,101.7
Fatty acid,1310010001,0.02257,103.5,102.5,102.7,87.4,97,100.8,100.4,97.4,110.9,139.8,152.9
Dye stuff/dyes incl. dye intermediates and pigments/colours,1310010003,0.22821,109.2,124.6,132.9,113.6,113.2,116.7,127.1,127.9,124.7,141.2,148.3
Acetic acid and Its Derivatives,1310010004,0.02452,100.7,107.2,118.8,102.7,89.7,113.7,133.7,107.3,117.2,188.2,140.6
Phosphoric acid,1310010020,0.02073,106.2,99.7,105.1,110.7,96.1,89.1,92.2,91.7,89.8,103,118.7
Catalysts,1310010026,0.01697,108.2,117.5,130.4,124,122.2,127.1,131.7,145.2,151.1,164.9,197.1
"Nitrogenous fertilizer, others",1310020004,0.00427,116.4,127.9,129.7,134.5,132.1,130.1,138.5,139.1,138.8,146.1,160.5
Mixed fertilizer,1310020005,0.45476,121.3,125.9,130,131.8,126.1,123.5,129.6,135.8,140.5,149.5,169
"Superphospate/Phosphatic fertilizer, others",1310020009,0.08472,139.1,145.2,143,143.7,144.3,141.6,149.2,152.4,153,148.8,178.3
Oleoresin,1310030005,0.07154,95.8,88.3,93,98.5,113.1,93.9,88.2,96,106.8,129.8,129.7
d. Manufacture of pesticides and other agrochemical products,1310040000,0.45369,107.5,111.1,120.7,122.6,116.8,115.3,120.2,122.6,124.4,132.1,143.4
Toilet soap,1310060001,0.07605,106.1,107.3,110.1,109,112.4,112.5,110.8,111,114,126.2,137
Agarbatti,1310060005,0.02364,102.4,108.2,109.5,112.8,117.3,116.1,115.6,116.8,120.8,121.1,121.2
Face/Body Powder,1310060008,0.00413,111.5,125.5,141.2,151.1,151.8,153.5,154.3,172,170.3,180.2,193.6
g. Manufacture of other chemical products,1310070000,0.69227,104.8,110.7,111.8,108.4,106.5,110.1,116.6,114.2,115.1,130.3,142.1
Plasticizer,1310070002,0.00818,109.6,112.8,107.8,96.9,97.4,103.8,113.7,103.5,115.6,150.5,143
Adhesive excluding gum,1310070004,0.12705,106.1,110.3,110.6,104.3,100.7,103.5,106.6,105.5,104.6,117.2,129.4
Hydrogen peroxide,1310070007,0.03517,104.8,111,104.7,98.4,103.9,122.6,147.3,110.7,104.8,111.6,119
Additive,1310070009,0.08986,108,114.3,116.4,108.7,105.8,109.8,116.7,115.5,117.9,141.5,170.9
Organic chemicals,1310070013,0.04383,100.3,101.6,110.6,106.8,99.8,108.6,114.5,108.9,108.5,137.3,140.8
h. Manufacture of man-made fibres,1310080000,0.29636,102.3,105.6,100.9,93.3,94.1,97.5,104,97.9,93.7,106.6,110.7
Polyester fibre fabric,1310080004,0.08691,104.6,111.4,110.5,107.3,105.9,107.4,110.1,108.4,106.1,118.6,127.3
Anti cancer drugs,1311010002,0.08012,89.1,92.9,98.9,105.8,99.2,84.4,75.1,80.8,77.2,72.6,71.4
Digestive enzymes and antacids,1311010011,0.03613,102.4,103.7,108.2,110.1,110.7,113.5,120.5,123.4,124,126.5,134.6
Antibiotics & preparations thereof,1311010013,0.23061,105.8,106.7,114,112.6,110.8,112.9,118.6,119.3,125,133,138.4
IV fluids,1311010022,0.01785,111.7,117.3,112.8,112.1,113.1,105.4,104.1,109,104.4,110.9,124.5
Medium & heavy commercial vehicle tyre,1312010004,0.12918,102.5,105.1,106.2,103.4,98.5,97.3,97.9,97.2,96.7,104.9,112.6
Motor Car Tube,1312010007,0.01126,99.9,101.6,101.5,98.4,101.2,98.2,94.9,94.2,92.1,94.8,97.1
b. Manufacture of other rubber products,1312020000,0.27178,100.3,99.3,95.6,91.4,90.4,91,91.7,93.5,93.3,101.9,106.4
Conveyer belt (fibre based),1312020005,0.04791,108,104.3,101.1,95.1,90.2,91.5,92.8,98.2,97.3,106.4,113.7
Elastic webbing,1312020006,0.00914,103.9,106.5,107.5,103.8,100,98.2,100.4,101.2,101.7,115.6,115.9
Condoms,1312020007,0.0131,104.4,103.8,105.1,109.2,116.7,115.9,111.8,110.7,110.1,111.2,119.4
Plastic bag,1312030007,0.01975,108.2,120.5,126,118,116.6,121.4,125.5,117.6,121.8,144.9,146.7
Plastic bottle,1312030008,0.06262,103.2,107.5,106.1,102.1,99.7,101.2,105.3,103.6,105,109.5,115.3
Plastic box/container,1312030010,0.31065,103.3,113.4,117.5,113.2,111.8,117.8,123.1,117.5,123.5,136,145.2
Plastic tape,1312030012,0.01448,104.7,111.1,111.6,108.9,109.6,108.2,111.8,112.1,116.2,133.1,132
Plastic components,1312030013,0.20335,103.7,112.4,116.1,115.3,116.7,118.8,123.3,118.6,117.4,128.3,136.7
Plastic button,1312030017,0.00721,114.8,130.6,142.9,140.6,155.6,158.7,162.9,167.2,168.6,174.7,178.6
Opthalmic lens,1313010005,0.03097,105.9,110.1,116.9,118.9,123.8,128.1,131,130.7,131.3,134.4,136.6
b. Manufacture of refractory products,1313020000,0.22322,108.5,111.9,115.2,119.6,116.2,113.2,111.1,108.7,109.5,115.6,119
White cement,1313050006,0.18047,105.5,112,115.8,117.5,119.5,119.3,125.4,125.1,121.6,123.5,131.3
Cement superfine,1313050007,0.07761,104.6,105.5,113.7,110.4,110.9,114,113.1,110.7,120.8,123.3,129.7
a. Inputs into steel making,1314010000,1.41103,107.8,103.5,104.6,85.4,82.9,98.2,113,100.6,109.2,150.8,159.7
Ferrosilicon,1314010004,0.02314,104.7,111.9,115.2,99.3,88.4,94.6,100.5,94.9,98.8,127.9,144.5
Other ferro alloys,1314010006,0.02768,107.3,106.9,111.8,96.2,100,118.2,122.3,117.5,117.7,141.7,131.5
Pig Iron,1314020001,0.65301,103,97.2,96.5,77,79.4,99.4,117.8,107.7,113.3,147.7,165.9
d. Mild Steel -Long Products,1314040000,1.08063,101.9,98.8,100.8,87,85.3,95.6,110.2,105.5,112,137.4,149.7
MS Wire Rods,1314040001,0.37842,105.2,102.5,103.7,90.3,89.9,100.5,112.7,106.2,111.3,141.1,152.1
MS Bright Bars,1314040002,0.55727,102.2,97.9,100.1,82.8,79.9,91.7,108.9,102.7,110.2,138.8,152.9
Steel cables,1314050004,0.05514,103,106.9,111,118.4,112.6,125.9,132.2,131.1,132.7,138.5,149.3
Alumnium Foil,1314090009,0.07863,102.4,104.7,112.6,112.4,112.5,114.3,117.3,113.8,115.9,143.5,155.3
Brass metal/sheet/coils,1314090011,0.01026,102.5,105.6,108.7,104.1,100.7,111.4,116.9,110.2,121.7,157.1,160
MS castings,1314100002,0.78655,105.8,103.9,95.4,96.5,101.4,103.9,109.2,112.7,108.2,117.3,129
a. Manufacture of structural metal products,1315010000,1.03144,107.3,105.1,107,105.2,102.5,105.9,112.8,113.9,114.1,123.9,132.7
Bracket,1315010006,0.00358,103.3,104.3,106.3,105.6,106.9,110.9,123,122.6,115.3,112.1,112.4
Auxiliary plant for use with boilers,1315030002,0.02212,100.3,99.9,100,100,100,99.9,100,99.9,100.3,102,103.5
"Copper bolts, screws, nuts",1315050004,0.00012,103,103.3,108.4,108.4,108.7,109.6,110.9,111.2,112.8,121.6,129.3
f. Manufacture of other fabricated metal products,1315060000,0.72841,101.4,104.2,111,108.4,108.1,114.8,123.1,124,125,136.5,145
"Bolts, screws, nuts & nails of Iron & steel",1315060001,0.18662,101.1,100.5,105.6,96,94.4,104.2,113.7,111.7,114.3,130.9,148.6
"(P). MANUFACTURE OF COMPUTER, ELECTRONIC AND OPTICAL PRODUCTS",1316000000,2.00875,101,103,107.4,108,108.3,110.1,111.8,110.4,109.8,113.7,116.6
"e. Manufacture of measuring, testing, navigating and control equipment",1316050000,0.18056,102.7,101.6,102.2,101.1,103.1,106.9,109.1,111.5,107.7,108.4,112.8
f. Manufacture of watches and clocks,1316060000,0.07551,104.4,113.3,122.7,125,137.9,137.8,137.9,139.1,141.8,145.6,151.2
"g. Manufacture of irradiation, electromedical and electrotherapeutic equipment",1316070000,0.05546,101.7,106.4,109.4,104.3,104.3,102.9,103.2,103.6,102.8,106.1,108.9
h. Manufacture of optical instruments and photographic equipment,1316080000,0.00751,101.5,107.4,105.5,99,96.6,108,108.7,110.2,102.7,98.3,100.5
Sunglasses,1316080002,0.00301,103.7,110.5,106.8,100.8,104,108.7,109.6,112.3,87.6,68.6,69.9
"a. Manufacture of electric motors, generators, transformers and electricity distribution and control apparatus",1317010000,1.29789,102.2,99.7,106.7,105.6,105,105.8,107.7,109,113.2,119.7,126.3
Fibre Optic Cables,1317030001,0.13327,112.2,119.7,126,122.1,118.8,116.5,126.1,109.9,98.1,103.1,116.6
d. Manufacture of other electronic and electric wires and cables,1317040000,0.42798,104.6,106.7,106.9,101.3,99.7,105.7,111.2,109.7,115.9,140.7,146.3
Jelly Filled Cables,1317040002,0.00366,102.8,107,116.5,109.5,103.6,107,118.6,115.9,123.2,134.9,144.3
Connector/plug/socket/holder-electric,1317040010,0.04832,106.7,107,112,109.1,111.3,116.2,122.2,122.6,124.1,131.6,136.2
Electric switch,1317050001,0.17381,94.6,98.9,101.1,109.9,107.9,109.7,106.2,109.6,110.5,112.1,114.3
Light fitting accessories,1317050002,0.03113,108.1,107.1,117.9,121.5,125,123.5,126.6,124.7,122,134.9,138.8
Incandescent Lamps,1317050004,0.0016,103.5,104.7,106.1,105.1,104.5,106.5,109.6,111.8,112.8,114.3,114.2
Electric Mixers/Grinders/Food Processors,1317060002,0.04313,100.5,100,94.9,90.7,88.1,89.9,90.4,89.5,94,103.7,109.1
Geyser,1317060004,0.00269,108.3,116.8,109.6,108.5,102,101.1,101.9,101.9,102.1,105.5,111.5
Washing Machines/Laundry Machines,1317060007,0.0737,106.8,111.7,116,115.7,117,114.3,115.6,116.5,117.3,128.3,130.9
"a. Manufacture of engines and turbines, except aircraft, vehicle and two wheeler engines",1318010000,0.6384,102.1,103.2,104.1,106,104.1,102.3,103,104.8,106.3,119.2,126.9
"Material handling, lifting and hoisting equipment",1318060002,0.04086,99,105.2,101.6,101.5,102,104.2,107.2,108.9,109.2,111,115.6
Water purifier,1318080008,0.02307,106.1,113.1,114.9,115.5,113.2,113.6,116.6,117.7,118.2,128.1,140.2
Agricultural tractors,1318090001,0.52772,104.4,104.4,107.2,111.4,113.6,114.2,116.7,119.4,120.2,124.8,132.1
j. Manufacture of metal-forming machinery and machine tools,1318100000,0.22363,101.9,106.5,108.7,107.6,100.1,99.6,101.8,108.1,108.4,114.2,120.5
Excavator,1318110001,0.06463,112.9,114.4,116.7,116.5,116.7,110,107.4,108.1,111.2,120.2,124.8
"Mining, quarrying & metallurgical machinery/parts",1318110005,0.02454,107.7,106.2,98.9,100.2,100.6,100,102.4,103.4,105.3,109.2,115.2
Radiators & coolers,1319020006,0.06161,101.3,109.7,115,113.2,111.7,108.3,109.7,118.3,122.6,134,145.5
Piston ring/Piston and Compressor,1319020007,0.05103,105.6,110.7,116.3,123.1,125.9,131.6,134.6,131.8,131.8,137.6,145.3
Crankshaft,1319020008,0.02807,95.8,90.9,98.8,98.1,96.7,100.4,100.7,97.8,100,105,113.7
Propellers & Blades of Boats/Ships,1320010002,0.00394,98.3,99.3,100.3,100.9,102.5,103.8,104.2,105.1,105,108.6,115
Motor cycles,1320030001,1.1661,100.7,98.8,101.6,101.4,103.2,105.6,106.9,115.1,126.3,132.6,139.2
Carrom board,1322040002,0.00045,107.6,114.9,121.7,130.5,135,132.1,134.1,140.1,147.6,174.3,180.7
Paddy,1101010101,1.43052,113.2,129.1,136.6,134.7,143.6,149.4,155.3,160.5,163.5,162.3,170.7
Barley,1101010106,0.01437,115.6,119.2,126.8,129.1,155.2,140.6,149.8,172.9,154.6,169,233.5
a2. PULSES,1101010200,0.6386,120,114.9,121.7,164,192.8,140.5,127.3,147.6,164.7,176,177.1
Moong,1101010203,0.07088,108.6,122.6,145.7,165.2,136.8,114,119.6,142.8,170,166.1,167.3
Urad,1101010205,0.09165,96.6,100.4,124.1,180,201.6,128.2,114.3,149.4,186.7,183.4,181.7
b.  FRUITS & VEGETABLES,1101020000,3.47508,114.9,140.4,146.5,139.2,138.7,155.9,147.3,174.7,179.2,187.6,200.6
Tapioca,1101020104,0.07213,103.1,184.9,136,109.1,171.9,177,135.3,165.2,165.6,160,249
Peas (Green),1101020106,0.13654,122.9,143.9,170,169.8,154.3,135,178.9,180.9,157.8,208.4,183.5
Cabbage,1101020111,0.12251,133.1,169.6,157.4,150.4,149.9,206.7,135.6,165.8,139.1,161.8,182.4
Radish,1101020113,0.03942,114.9,139.3,117.7,113.9,132.1,115.7,103.7,136.5,141.2,173.2,202.3
Beans,1101020118,0.08309,117.2,130,121.6,137.6,143.3,137.1,106.9,137.2,149.4,156.8,169.8
Banana,1101020201,0.32937,113.2,132.5,146.2,137.1,144.9,158.3,140.6,133.8,129.9,146.3,155
Grapes,1101020208,0.04932,96.6,102.5,117.8,123.3,112.5,117.2,116.9,144.2,133.7,161.3,188.4
Pomengranate,1101020215,0.02122,98.9,102.9,93.9,77.4,75.8,70.9,72.4,73,89.5,100.8,115.6
f.  OTHER FOOD ARTICLES,1101060000,0.94799,102.9,114.3,120.5,135.8,150.5,144,144.4,144,162,168.3,178.1
Betel Leaves,1101060003,0.14419,78.7,121.7,113.7,100.5,142.3,88.8,80.7,82.1,85.4,88.5,96.7
Sugarcane,1101060004,0.58142,103.7,113.4,124.3,152.7,163.4,168.4,169.5,169.5,185.6,197.8,205
Raw Silk,1102010005,0.07735,122.8,154.5,139.4,112.1,135,180.6,156.4,155.7,132.6,195.4,233.2
Groundnut Seed,1102020001,0.26876,120.5,108.2,106.9,127.9,138.2,122.5,118.3,142.5,154.8,164.2,179.8
Rape & Mustard Seed,1102020002,0.24914,131.1,119.1,122.7,145.9,149.4,134.1,142.2,145.1,163.7,210.5,198.8
Niger Seed,1102020008,0.00234,118.4,115.9,127.3,222.8,207.6,201.3,145.1,169.9,191,249.1,243.5
Hides (Raw),1102030001,0.03062,103.1,108.2,108.5,108.5,100.6,99.8,112.2,112.7,108.4,101.6,102.8
Tanning Materials,1102030003,0.00418,100,100,100,100,100,79.9,66.8,73.3,73.3,73.3,73.3
Tobacco,1102030004,0.09374,101.5,106.4,113.3,113.6,113.6,113.6,113.9,113.6,113.6,113.6,113.6
Gaur Seed,1102030005,0.10347,186.8,134.2,110.6,87.7,77.2,88,96.5,93.6,87,121.3,127.2
Raw Rubber,1102030006,0.28851,85.1,79.5,62.5,54.2,64.6,62.3,60.5,64.8,67.1,82.8,75.5
Industrial wood,1102030007,0.88561,111,110,99.9,106.5,106.5,106.5,107.7,92.5,93.8,97.6,98.7
d.   FLORICULTURE,1102040000,0.2039,111.2,137.8,143.3,146.4,137.4,148.7,164.1,238,210,217,257.4
Jasmine,1102040002,0.03063,100.6,128.5,127.8,130.6,142.7,157.1,157.5,350.8,371.6,372.2,410.3
Manganese Ore,1103010004,0.03955,120.1,123.7,121.5,83.4,123.3,144.6,156.8,128.6,133.5,147.9,153.3
Phosphorite,1103020001,0.11352,145.6,146.3,133.4,148.4,150.3,135.5,144.5,151.2,162,200.6,254.1
Limestone,1103020002,0.06947,130.7,149.1,153.6,164.4,188.2,224.4,246.3,222.8,215.8,226.3,229.8
Sillimanite,1103020004,0.00061,86.7,82.1,82.1,82.1,85.7,85.8,101.4,127.6,127.6,127.2,127.3
Crude Petroleum,1104000001,1.94537,108.4,117.1,95.2,60.9,63.8,65,84.3,73.6,62,110.3,143.3
Natural Gas,1104000002,0.46423,113.8,126.8,138.5,142.6,112.3,106.4,126.2,134.5,105.6,110.1,221.9
a. Coking Coal,1201010000,0.64703,100,101.2,101.4,101.4,108.2,134.1,132.9,138.1,141.8,143,143.4
Bitumen,1202000007,0.22677,101.3,112.1,106.1,77.1,68,71.3,85.6,82.8,77.9,113.2,131.4
Lube Oils,1202000009,0.29199,109.6,114.2,118.8,120.8,116.8,114,124.8,131.7,137.2,162,180
Petroleum Coke,1202000010,0.04663,99.4,92.8,94.3,78.3,93,117.2,149.7,128.6,132.4,220.1,293.6
(A). MANUFACTURE OF FOOD PRODUCTS,1301000000,9.12173,108.7,114.1,116.2,114.5,125.4,127.4,128.6,133.9,141.4,157.9,165.3
"Buffalo meat, fresh/frozen",1301010001,0.07438,113.6,126.2,129.8,132.7,137.9,131.3,134.2,132.7,132.8,137.5,138.5
"Chicken/duck, dressed - fresh/frozen",1301010004,0.0109,108.8,125,126.2,130.2,133.7,134.8,130.6,136.5,143.7,165.1,158.8
c. Processing and preserving of fruit and vegetables,1301030000,0.13809,104,107.5,112,116.9,120.2,119.1,114.3,114.3,120.2,122.3,125.8
d. Manufacture of vegetable and animal oils and fats,1301040000,2.64293,106.3,104,102,98.7,107,109.4,117.6,119.3,143.5,187.2,181.9
Soyabean Oil,1301040003,0.34251,110.9,107.2,102.7,98.5,104.5,106.1,112.3,114.4,132.7,179.8,178.7
Groundnut Oil,1301040005,0.05834,122.8,104.1,94.5,109.9,119.5,108.4,109.5,122,144.7,160.4,175.9
Rapeseed Oil,1301040009,0.0116,114.7,108,107.2,119.8,119,111.2,112.1,117.3,135.4,181.2,163.1
Wheat flour (Atta),1301060002,0.21121,115.3,125.2,128.8,128.3,142.5,139.5,148.7,155.8,146.5,150.7,179
g. Manufacture of starches and starch products,1301070000,0.10955,106,111.5,108.9,110.9,114.6,112.6,116.6,135.5,115.9,133.3,158.9
"Bread, buns & croissant",1301080002,0.035,110.4,120.8,129.2,131.8,139.9,146.1,151.5,164.6,173.8,183.8,203.1
l. Manufacture of Tea & Coffee products,1301120000,0.37083,111.6,122.2,121.6,123.9,125.9,129.1,137.7,139.7,166.5,171.1,178.2
Corn Flake,1301150001,0.18477,105.9,116.6,124.7,134.5,146.8,145.2,148.6,168.7,150.8,162.2,187.9
Cotton seed oil cake,1301160004,0.06115,114.8,127.2,129,148.5,168.7,145.8,150.8,169.6,160.8,200.4,197.5
a. Manufacture of tobacco products,1303010000,0.51357,108.4,114.4,123.3,133,141.6,148.4,150.4,153.4,157.2,160.2,165.3
Cigarette,1303010001,0.16619,110.8,115.7,133.3,150.4,159.4,152.8,158.7,169,175.8,175,174.7
Synthetic yarn,1304010002,0.53794,103.2,108.3,105.1,97.6,95.8,96.5,103.5,99.3,95.6,112.4,114.9
"e. Manufacture of cordage, rope, twine and netting",1304050000,0.09776,108.3,118.3,129.5,141.7,143,141.7,138.7,143.1,155.6,168.5,156.8
Carpets and other floor coverings of textiles,1304060002,0.12792,103.8,113.8,118.6,124.5,129.6,134.9,131.5,133,135,140.1,148.9
(E). MANUFACTURE OF WEARING APPAREL,1305000000,0.81414,112.2,117.7,122.6,128.7,131,136.9,138.8,138.3,138.6,143.1,148.7
"Babies garments, knitted",1305020003,0.08874,100.1,111.7,109.6,110.6,123.8,133.7,137.7,138.6,140.7,146.7,154.2
"Hosiery goods, others cotton",1305020004,0.03878,103.4,107.6,113,114.4,115.5,117.3,116.5,114.2,112.5,117.3,124.1
Vegetable Tanned Leather,1306010001,2.00E-05,110.5,118.9,124,103.6,104,104.3,103.5,102.5,97.8,96.1,96.4
Wooden splint,1307010003,0.01936,115.7,117.8,112.9,106.3,105.9,108.3,112.9,111.1,117,128,127.6
Plywood block boards,1307020001,0.19458,106.3,111.7,118,122.9,119.5,121.4,121,123.6,125.7,130.4,137.4
Particle Boards,1307020002,0.11558,107.5,111.7,113.5,113.2,108.5,111.4,115.3,113,112.6,119.1,123.8
Wooden box/crate,1307040002,0.10911,116.8,133.8,141.6,140.6,142.2,135.1,122.9,124.4,124.3,133.3,135.6
Newsprint,1308010001,0.07923,105.1,114.2,115.2,111.5,112.5,113.4,127.9,113.1,108.6,128.6,148.2
Tissue paper,1308010008,0.02255,103.4,117.5,121,119.1,125.1,123.7,137,140.7,155.2,174.1,200.7
Hard board,1308010010,0.00062,102.7,107.2,110.3,120.1,129.7,130.6,136.6,136.6,131.1,146.2,157.9
Poster paper,1308010012,0.00604,102.9,110.2,119.9,121.3,121.6,125.2,127.5,128.3,127.7,130.8,140.4
Corrugated paper board,1308020002,0.01591,100.6,106.5,111,114.3,119.9,123.5,121.2,123.1,128.8,143.9,157.4
Paper carton/box,1308020004,0.0764,100.7,107.6,114.8,122.3,127.5,130.3,136.8,137.6,138.9,152.6,163.4
Printed Books,1309010005,0.29985,113.2,120,129.1,144.2,151.1,157.3,162.1,165.6,170.3,172.7,188.6
a. Manufacture of basic chemicals,1310010000,1.4333,107.2,112.1,114.1,105.8,104.7,111.2,125,119.9,118.6,143.8,159.2
Aromatic chemicals,1310010005,0.03278,104.4,108.8,112.4,106.3,101.6,103.1,118.7,118,117,126.1,139.8
Other Petrochemical Intermediates,1310010013,0.00684,91,99.4,106.4,107.5,102.7,103.9,110.7,112.1,111.8,125.8,126.4
Amine,1310010016,0.05566,116.5,128.1,127,118.9,111.5,115.9,132.2,135,136.3,163,183.2
Other Inorganic Chemicals,1310010023,0.28422,102.8,102.2,102.7,101.7,105,107.2,122.5,124.3,126.8,144.4,152.8
Ammonium nitrate,1310010025,0.01281,105,109.8,115.2,115.1,112.1,108.5,115,118.2,120,163,221.3
Di ammonium phosphate,1310020002,0.07425,133.7,132.4,135.1,136.4,127.3,125.2,141.2,138.2,136,145.3,164
Ammonium phosphate,1310020006,0.04093,133.9,132.7,133.7,135.3,129.6,125.4,142.3,145.5,138,154,164.4
Agro chemical formulation,1310040002,0.06434,110.9,120,129.6,137.2,138.5,133.6,137,144.6,151.1,159.3,176.8
Varnish (all types),1310050002,0.01733,104.1,110.1,115.6,122.1,123.5,122.8,129.9,132.1,128.7,138.4,152.5
Powder coating material,1310050003,0.01208,105.2,108,106.1,104,105.6,108.2,112.4,113.1,110.9,121.3,132.9
"Detergent cake, washing soap cake/bar/powder",1310060002,0.30512,109.9,115.6,114.7,114.2,113.6,117.5,121,124.3,128.5,137.3,154
Organic surface active agent,1310060003,0.01834,102.7,109.4,113,98.7,97.1,96.1,97.8,94,95.9,115.6,123.6
Foundry chemical,1310070010,0.00808,103.9,98.8,89.3,96.2,95.7,99.7,102.7,103.6,105.9,117.2,124.2
Explosive,1310070011,0.08728,107.3,115.6,118.4,117,119.5,120.5,125.1,124.5,129,151.3,187.2
Anti inflammatory preparation,1311010001,0.00306,100.3,106.3,121,130.8,132.3,127.3,128.5,123,111.5,138.7,190.7
Anti-retroviral drugs for HIV treatment,1311010005,0.01316,100.2,96.8,95.3,101.1,103.7,101.8,102.3,102.9,106.1,106.4,104.4
Antidiabetic drug excluding insulin (i.e. tolbutam),1311010006,0.11682,105.4,102.9,104.9,103.1,116,111.8,115.6,120.1,132.9,145.2,144.2
API & formulations of vitamins,1311010007,0.70266,107.5,110.3,113,120.6,123,125.6,127.7,132.8,136.2,140.3,146.4
Vaccine for hepatitis B,1311010008,0.00037,114,120.1,124.9,131.4,150.9,162.8,169.2,172,172.6,181.4,222.8
Ayurvedic medicaments,1311010009,0.06506,109.2,115.9,124.4,128.6,132.2,135.2,140.6,147.4,153.6,159.8,164.8
Steroids and hormonal preparations (including anti-fungal preparations),1311010020,0.01615,100.5,105.5,108.8,112.1,114.3,107,103.5,102,100.9,107.8,113.2
Medical accessories,1311010023,0.39104,102.2,106,122.6,125,125.4,128.6,130.6,133.1,136.9,139.5,141.4
Rubberized dipped fabric,1312010006,0.00203,101.9,105,104.8,86.5,89.7,104.4,108.9,97.5,93.8,133,146.6
Medium & heavy commercial vehicle tube,1312010010,0.12918,105.5,106.2,106.4,96.6,100.2,97.1,90.4,92.1,91.6,95.6,106
Cycle/Cycle rickshaw tyre,1312010011,0.02371,104.4,106.6,109,107.1,101.7,109.8,112.8,111.6,107.8,109.7,114.8
V belt,1312020001,0.01101,102.9,107.6,111.2,109.9,103.4,116.6,122.8,123.7,126.2,132.3,151.2
PVC fittings & other accessories,1312030001,0.1621,107.7,117.2,117.8,116.3,117.8,104.5,103.4,104.5,122.9,163.5,150.9
a. Manufacture of glass and glass products,1313010000,0.29504,105.4,106.9,113,114.5,116.6,117.2,121.4,124.5,127.2,139.1,158.1
Toughened glass,1313010002,0.02939,103.1,104.8,107,109.3,109.9,103.7,92.8,92.4,92.5,111.8,139.2
Plain bricks,1313020003,0.03659,103.7,107.4,97.1,97.2,97.4,94,94.1,94.5,90.4,93.9,95
Porcelain sanitary ware,1313030001,0.12113,108.3,113,120.4,102.5,94.3,94,98,102.8,109.3,119.3,135.3
d. Manufacture of other porcelain and ceramic products,1313040000,0.22247,103.7,102.7,108.2,110.4,111.8,112.5,112.7,113.9,109.5,112.9,118
Lime and calcium carbonate,1313050001,0.02789,103,104.3,106.5,107.1,106.5,111.4,115.6,116.8,119.1,128.5,142
slag cement,1313050004,0.0983,108.8,111.2,112.6,114.1,113.6,121.6,124.7,126.5,129.4,137.6,142.9
Asbestos corrugated sheet,1313060001,0.12181,115.3,116,117.9,114,110.8,113.3,114.9,114.6,122.1,125.6,129.2
"Stone, chip",1313070002,0.07616,104.2,108.3,113.8,117.2,116.1,112.9,112.8,113.3,111.1,113.1,117.1
h. Manufacture of other non-metallic mineral products,1313080000,0.16911,108.6,106.9,94.5,87.8,70.9,89.9,130.4,86.6,78.9,90.6,105.9
Ferromanganese,1314010003,0.02589,107.3,110.7,114.3,95.2,104.4,121.5,124.1,117.7,116.3,153.7,141.3
b. Metallic iron,1314020000,0.65301,103,97.2,96.5,77,79.4,99.4,117.8,107.7,113.3,147.7,165.9
"Hot Rolled (HR) Coils & Sheets, including Narrow Strip",1314050001,0.88361,106.3,105.7,102.1,86.7,87.9,103.5,118.7,106.9,116.1,157.2,155.1
Alloy steel Wire rods,1314060001,0.06671,106.3,99.8,102.1,88.7,85.6,97.3,111.7,102.8,108.3,133.7,146.9
"Stainless Steel bars & rods, including flats",1314070001,0.48307,88.3,88.3,93.5,84,82,88.9,95.6,93.2,94.9,112.6,118.6
"Stainless Steel Coils, Strips & Sheets",1314070003,0.02925,106.3,111.3,117.1,104.6,105.2,116.4,120.8,114.5,118.1,154.2,157.9
Galvanized iron pipes,1314080001,0.00075,104,105.6,110.6,104.5,101.9,106.6,113.4,111.7,112.7,135.6,134.9
Aluminium powder,1314090004,0.09148,102.9,107.5,114.7,106.7,107.3,115.7,122.9,118.7,120.6,161.8,172.4
Aluminium alloys,1314090007,0.06796,103.3,107.9,115.5,109.7,111.6,112,115.6,108,110.4,138.7,163.9
Alloy steel castings,1314100003,0.02077,106.3,105.2,116.4,112.3,114,118.2,124.5,128.6,127.6,140.2,157.3
Aluminium castings,1314100004,0.06169,105.4,108.3,115.9,112.8,105.7,109.1,111.7,108.1,109.3,127.9,137.5
"(O). MANUFACTURE OF FABRICATED METAL PRODUCTS, EXCEPT MACHINERY AND EQUIPMENT",1315000000,3.15498,103.2,103,105.8,105.9,105.1,109.5,115.1,115.5,115.9,130.5,139
Metal cutting tools & accessories,1315010003,0.00124,104.9,105.7,104.2,100.5,96.8,101.4,105.3,100.1,101.9,114,126.1
"b. Manufacture of tanks, reservoirs and containers of metal",1315020000,0.65951,102.1,102.4,104.2,109.1,109.2,122.6,127.3,124.4,127.8,156.2,161.1
Stainless steel tank,1315020003,0.0242,107.7,111,111.4,114.7,114.7,118.5,118.9,119.2,118.7,130.7,138.2
"c. Manufacture of steam generators, except central heating hot water boilers",1315030000,0.14462,107.8,115.6,103.5,101.9,108.5,109,105.9,104.7,98.9,96.1,100.5
"d. Forging, pressing, stamping and roll-forming of metal; powder metallurgy",1315040000,0.38342,97.7,93.3,97.9,98.7,94.7,90.7,96.3,100.5,96.7,117.5,135.2
Stainless steel utensils,1315050001,0.08546,105,105.3,109.8,113.2,115.5,117.5,122.5,126,129.6,140.1,149.5
Aluminium utensils,1315060004,0.02264,99.4,103,119.6,120.2,119.6,117.2,117.1,116.4,118.8,130.9,134.7
Sanitary fittings of Iron & Steel,1315060005,0.06251,105.7,110.7,125.5,118,114.2,99.6,85.4,85.9,87.5,94.8,107.4
Steel door,1315060006,0.0085,108.3,114.9,125.7,129.7,134,149.6,152.8,151.5,150.5,163.6,171.9
Capacitors,1316010001,0.20041,103.1,107.1,109.5,109.3,113.2,107.6,101.7,97.7,101.8,108.2,123.4
UPS in Solid State Drives,1316010002,0.12825,103.7,104.6,93.9,89.5,83.6,79.7,79.2,79.5,78.2,86.7,89.4
Computer peripherals,1316020003,0.03574,100.8,98,93.7,94.5,93.2,94.1,93.5,93.1,90.7,90.5,92.6
c. Manufacture of communication equipment,1316030000,0.30998,102.8,106.9,107.2,105.1,104.1,110.6,116.7,117,114.9,121.7,129.4
Air conditioner,1316040002,0.20393,103.7,105.4,107.8,110,110,114.3,116.4,117.6,117.2,119.4,120.6
Watch,1316060001,0.06734,103.7,112.2,121.1,122.8,137,136.5,135.9,137.1,139.6,141.8,146.1
X-ray equipment,1316070002,0.00698,105.6,114.2,119.8,120.3,120.2,117.3,114.2,113.4,112.8,131.1,133.9
Microscope,1316080001,0.0045,100,105.4,104.7,97.9,91.7,107.5,108.1,108.8,112.7,118.2,120.9
Electric switch gear control/starter,1317010007,0.02069,101.3,107.6,109.7,111.5,108.9,105.5,105.7,108.5,111.5,118.4,123.3
Safety fuse,1317010011,0.00525,106.8,115.8,120.9,127.3,123.9,122.7,117.2,109.6,108.8,112.7,119.4
Generator parts,1317010013,0.08079,102.2,103.5,104.1,107.2,103.1,102.9,101,101.6,103.7,107.4,115.7
Electric accumulators,1317020003,0.00207,118.3,114.5,111.8,112,120.1,128.9,128.5,121.8,120.7,135.1,137.3
Electric Wires & Cables,1317040003,0.02157,111.3,113.7,112.8,106.8,99.6,107,112.9,111.9,117.7,147.9,147.7
Rubber Insulated Cables,1317040008,0.01964,119.7,105.7,99.7,80.8,77.9,64.2,62.7,62.3,64.9,72,74.9
Electric filament type lamps,1317050005,0.01471,104.8,110,113,111.1,110.5,111.1,110.6,110.1,107.8,111.5,116.4
f. Manufacture of domestic appliances,1317060000,0.366,107.8,113.9,116.4,118.4,119.4,121.3,121.6,119.9,119.7,128.4,134.1
Microwave oven,1317060008,0.00206,121.3,113,115.7,114.2,116,103.4,117.7,121.4,123.3,125.1,125.7
Motors & other DC equipment,1317070002,0.03353,101,99.9,100.3,99.6,100.2,108.7,118.1,120,118.6,119.2,124
Water pump,1318020004,0.0769,110.5,110.1,116.2,117.4,115.9,117.4,120.4,122.1,119.2,122.7,130.9
Gasket kit,1318030005,0.04124,105.1,107.7,107,103.8,101.6,103.3,102,97.8,103.1,109.6,112
"e. Manufacture of ovens, furnaces and furnace burners",1318050000,0.00837,115.5,107.2,98.8,83.7,77.8,78.5,78.2,80,80.2,74.2,79.8
Furnaces & Ovens,1318050001,0.00837,115.5,107.2,98.8,83.7,77.8,78.5,78.2,80,80.2,74.2,79.8
f. Manufacture of lifting and handling equipment,1318060000,0.28509,101.7,103.9,105.9,104,103.2,105.8,110.4,111.5,113.4,120,126.3
Reprographic machine and scanners,1318070001,0.00582,103.1,103.1,140.6,131.3,130.2,130.2,130.2,130.2,130.2,130.2,130.2
Air filters,1318080002,0.25613,113.8,125.9,142.2,140.1,132.1,135.3,138,140.5,135.6,135.3,147.1
Conveyors - non-roller type,1318080005,0.00093,99.3,95.4,89.6,91.4,93.4,90.5,82.6,81.4,80.5,85.2,94.6
i. Manufacture of agricultural and forestry machinery,1318090000,0.83265,104.7,105.5,108.3,111.2,112.3,112.8,116.9,120.6,121.6,128.4,137.2
Harvesters,1318090002,0.00364,103.1,105.5,108.9,109.1,109.7,108.5,108.5,110.4,118.4,129.2,134.5
Threshers,1318090004,0.00071,109.5,112,113.8,119.3,122.4,122,123.5,127.4,131.4,138,144.2
Drilling Machine,1318100001,0.06894,101.6,106.3,109.3,111.5,113.7,113.4,117.5,127.4,124.3,126.1,135.6
Lathes,1318100003,0.01044,105.7,114,117.4,118.8,118.7,114.5,114.4,116.1,118.3,120,123.2
Earth moving machinery,1318110008,0.18095,102,81.2,68.9,67.7,48.3,46.7,46.7,46.7,47.2,47.9,56.1
Rice mill machinery,1318120001,0.03071,107.6,108.1,104.9,110.8,117.7,122.6,126.7,123.2,122.3,129.4,129.3
Roller mill (Raymond),1318130003,0.0019,99.8,100.7,101.7,105.3,123.1,131.5,140.9,145.5,139.9,151.7,156.2
Chemical equipment & system,1318140003,0.00731,104.9,101.2,115.1,134.6,139.8,139.2,142.9,142.7,144.1,144.1,130
Windmill turbines (2500KW),1318150002,0.01977,100.2,97.7,102.1,102,96.1,96,95.9,95.2,95.2,95.3,96.7
Shock absorbers,1319020003,0.10028,102.1,99.7,102.5,100.1,101,101.9,103.3,103.4,99.3,104.1,109.1
Silencer and Damper,1319020009,0.07898,95.8,95.3,90.4,100.7,101.7,103.7,106,108.3,117.5,122.3,125.6
Diesel/Electric locomotive,1320020003,0.01891,104.1,120.8,118,113,122.6,138,141.5,139.6,134.7,134.7,134.3
c. Manufacture of motor cycles,1320030000,1.30205,100.8,98.8,101.4,101.1,102.8,105.3,106.6,114.3,124.7,131,137.6
Auto rickshaw/Tempo/Matador/Three wheelers,1320030003,0.01273,107,113,115.8,116,122.5,128.4,133.3,137.1,146.6,154.5,160.5
Wooden furniture,1321010001,0.18979,101.4,104.2,110.1,106.9,109.2,112.3,117.8,118.2,118.5,123.6,134
Iron/Steel Furniture,1321010004,0.26311,104.2,109.6,112.1,102.6,105.7,111.8,118.5,119.1,121.7,137.2,136
Gold & gold ornaments,1322010001,0.96561,95,94.4,105.2,117,119.8,107.8,105,110.9,131.5,136.6,147.5
Silver,1322010002,0.03077,103.8,85,71.9,65.8,76.2,71.7,70.4,78.2,98.9,119.5,113.6
b. Manufacture of musical instruments,1322020000,0.00124,105.6,120.3,133.8,153.7,158,171,174.1,174,173.7,192.3,189.3
"Stringed musical instruments (incl. Santoor, Guitars, etc.)",1322020001,0.00124,105.6,120.3,133.8,153.7,158,171,174.1,174,173.7,192.3,189.3
Non Mechanical Toys,1322040004,0.00014,107.1,113.3,121.6,130.7,137.5,139.8,153,182.4,189.7,197.3,207.8
IV FOOD INDEX,2000000000,24.37758,110,120.6,125.8,127.3,134.7,137.3,138.1,147.6,153.4,163.8,174.2
ALL COMMODITIES,1000000000,100,106.9,112.5,113.9,109.7,111.6,114.9,119.8,121.8,123.4,139.4,152.5
a1. CEREALS,1101010100,2.82378,114.1,126.6,129.9,131.3,142.7,143.1,151,162.3,158.1,160.7,178.9
Arhar,1101010202,0.12914,109.8,118,128.1,193.2,181.1,116.8,118.2,149.8,165.9,177.6,188.4
Rajma,1101010207,0.00573,151,176.4,164.7,155.5,159.6,151.4,132.8,137.4,158.9,223.9,246.4
Okra (Lady finger),1101020110,0.14592,101.4,109.7,95.8,91.3,90,126.9,125.1,135.7,142,177.4,160.3
Pointed gourd,1101020115,0.0021,116.1,143.3,127.4,109.7,117.1,107.2,113.7,141.1,145.2,167.7,167.2
Bitter gourd,1101020116,0.02261,121.2,150.7,159.5,137.1,183.1,135.1,121.9,146.6,125.4,179.7,195.6
Pumpkin,1101020119,0.00465,123.8,159.1,149.5,118.5,140.3,141.8,126.3,164.2,167.1,161.7,176.5
b2. FRUITS,1101020200,1.6006,104.9,113.3,131.5,131.6,139.5,146.5,144,148.6,150.7,167.7,183.8
Orange,1101020204,0.12653,110.5,107.8,111.8,106.9,124,125.2,112.8,111.1,130,222.5,231.6
Cashew nut,1101020205,0.06583,100,107.4,119.9,138.9,160.9,177.6,170.7,159.7,159.6,159.8,155.7
Coconut (Fresh),1101020206,0.07873,99,120,169,178.4,148.6,203.7,217.9,209.4,224.5,280.4,244.8
Almonds,1101020219,0.02469,101.2,119.5,140.2,157.7,169.6,181.5,190.4,195.6,204.3,224.3,229.3
c.  MILK,1101030000,4.43999,107.6,116,126.6,130.5,134.3,139.7,143.1,146.7,153.4,156.9,167.8
Poultry Chicken,1101040006,0.55906,118.1,131,133.7,129.1,139,138.2,134.6,148.8,149.8,162.6,158.8
Black Pepper,1101050001,0.02098,129.6,139.1,183.5,183.6,186.7,158,135.7,128.2,123.8,147.8,166.1
Chillies (Dry),1101050002,0.14056,83.6,94.4,109,130.4,135.7,111.6,126.7,143.2,157.9,166.3,233.4
Coriander,1101050009,0.02154,102.5,145.9,185.9,187.9,157.5,128.6,135.2,153.7,164.9,195.8,271.3
Raw Cotton,1102010001,0.66334,95,108.6,95.8,89.5,106.8,107.5,116.6,116,105.3,142.4,195.9
Raw Wool,1102010004,0.02629,100,100,99.1,113.7,133.1,143.1,192.9,207.3,207.3,207.3,207.3
Copra (Coconut),1102020004,0.0731,80.8,101.4,156.9,132.5,111.1,179.7,210.1,189.2,194,209.5,181.9
Castor Seed,1102020007,0.09763,84.7,85.1,93.8,89.5,85,103.1,111.2,115.4,103.2,124.4,136
(C).  MINERALS,1103000000,0.83317,118.2,114.4,118.6,105.6,113.1,122.5,136.5,154.5,164.9,197.2,203.5
a.  METALLIC MINERALS,1103010000,0.64818,112.1,105.2,112.2,91.7,98.4,109.1,123,147.4,159.8,193.3,191.7
Chromite,1103010002,0.02645,90,77.9,73,75.6,78.7,77.7,76.6,72.9,79.9,119.1,112.8
Iron Ore,1103010005,0.20862,103.9,89.2,92.7,55.3,51,74.2,90.1,90,102,156.2,115.2
Kerosene,1202000003,0.18685,107.1,109.3,103.5,88.4,94.3,117.8,152.4,172.8,116.8,221.9,402.6
Furnace Oil,1202000008,0.66576,107.7,111.5,93.6,54.3,58.1,68.8,94.7,81,67.9,108.2,127.2
(C). ELECTRICITY,1203000000,3.06409,100.5,103.6,105.7,105.3,104.2,103.7,109.6,111.8,109.6,117.4,143.3
Electricity,1203000001,3.06409,100.5,103.6,105.7,105.3,104.2,103.7,109.6,111.8,109.6,117.4,143.3
a. Processing and preserving of meat,1301010000,0.13405,111.3,125.3,130.1,133.6,137.1,134.4,136.7,137.5,137.2,142.8,143.7
"Meat of goat, fresh or chilled",1301010002,0.02943,106.9,126.9,134.5,138.7,137.8,137.8,137.8,137.8,137.8,137.8,132.7
Shrimps/Prawns - Processed/Frozen,1301020001,0.06329,95.7,135.5,134.9,115.5,124.2,121.9,119.6,119.7,121.2,121.5,123.2
Mustard Oil,1301040002,0.18053,116.9,105.8,109.4,124.5,124.7,118.1,124.5,126.2,159,220,197.5
Palm Oil,1301040008,1.01507,103.4,103.7,100.8,92.4,103.9,108.4,116.9,117.3,147.6,196.9,187.6
Copra oil,1301040010,0.02769,91.6,107.7,155.2,141.3,129.4,162.4,181.2,167.1,180.3,192.8,169.7
e. Manufacture of dairy products,1301050000,1.16545,103.3,112.7,123.7,123.6,132.3,142.1,136.2,145,146.9,149.4,167
Ghee,1301050002,0.39349,103.8,110.3,122.5,121.6,131.7,143.3,141.1,146.6,151.1,152.5,171.7
Butter,1301050003,0.52138,102.3,112.7,122.1,125.3,138,147.7,140.5,146.2,145.9,149.5,166.7
Ice cream,1301050004,0.06189,105.5,110,120.2,123.7,126.3,128.6,129.6,131.8,136.5,147,154.4
Maida,1301060001,0.19044,116.4,131.5,131.4,129.4,143.6,136.8,149.3,157.1,144.7,148.8,183.3
"Rice, Non-basmati",1301060007,0.94347,112,127.5,131.2,129.2,143.5,151,150.2,154.6,154.4,152.6,165.9
Basmati rice,1301060008,0.4264,105.5,119.9,120.9,102.6,96,99,111.9,114.7,111.8,117.5,131.1
Sugar,1301090001,1.05553,111.7,107,105.6,95.2,122.6,126.8,113.2,117.6,117.3,121.6,124.8
Chocolate & cocoa powder,1301100001,0.09685,105,112.1,120.2,122.9,129.4,127.5,129.9,127.3,126.2,132.2,138.9
Coffee powder with chicory,1301120003,0.00616,107.6,110.4,123.1,134.7,143.2,137.5,141.5,150.4,143.4,160.6,184.5
Spices (including mixed spices),1301130001,0.1361,94.5,105.1,114.3,123.6,127.2,119.2,123.7,134.5,150.2,160.1,178.5
Soya preparations excluding oil,1301160003,0.01012,132.1,151.7,159.3,156.3,151.7,139.5,142.7,144.5,150.7,197.6,186.4
a. Manufacture of wines & spirits,1302010000,0.40833,105.2,110.5,112.7,110.8,113.3,113.8,113.8,117.8,120.2,123.6,129.3
Beer,1302020001,0.16276,101.1,106.7,110.3,113.1,117.5,122.4,125.1,128.7,128.6,131.5,134.9
c. Manufacture of soft drinks; production of mineral waters and other bottled waters,1302030000,0.27548,105.8,112,115.6,120.6,121.8,127.4,131.2,130.5,129.4,128.6,123.7
Other tobacco products,1303010003,0.23555,105.3,111.5,114.6,118.1,125,133.2,126.9,125.4,127,129.5,137.7
b. Weaving & Finishing of textiles,1304020000,1.50903,103.6,109.8,114.3,117.3,120.9,122,127.3,130.1,131.7,146.8,158.9
Cotton woven cloth,1304020001,0.00942,101.7,110.6,114.1,114.8,115.9,114.3,112,109.7,112.8,122.6,139.1
Woollen woven cloth,1304020002,0.04506,108.4,113.5,116.7,115.1,114.7,115.3,123.1,126,126.3,127.6,130.5
Synthetic Fabric  Others,1304020003,0.05493,103.3,106.8,108.1,108.3,109.2,110.4,112.6,111.3,106,118.2,130
"Cotton cloth (dyed, printed, or otherwise finished/processed)",1304020004,0.94619,102.9,110.3,114.8,112.8,113.9,116.7,122.6,124.9,122.5,136.3,155.8
Jute sacking cloth/Gunny and hessian cloth,1304020007,0.31677,103.2,106,112.7,136.7,150.5,144.2,148.7,156.7,173.2,195.6,190.7
c. Manufacture of knitted and crocheted fabrics,1304030000,0.19296,105.9,112.8,112.3,105.8,107.1,108.6,112.9,114.5,115.2,125.5,129.9
Cotton hosiery cloth,1304030002,0.01582,104.7,115,118.4,116,116.7,115.9,117.7,115.3,118.3,134.6,137.1
"d. Manufacture of made-up textile articles, except apparel",1304040000,0.2985,105.3,109.9,115.1,117.5,121.7,124.6,130.3,134.5,132.3,138.7,153.6
Blankets,1304040002,0.00895,98,100.9,99.4,95.3,91.1,91.7,92.8,90.3,84.7,87.3,89.3
Nylon rope,1304050001,0.00911,106,113,114.5,110.7,104.2,106.3,108.9,109.1,109.1,113.8,115.1
Cordage/ropes/twines of jute and coir,1304050002,0.08865,108.5,118.9,131,144.9,146.9,145.3,141.7,146.6,160.4,174.1,161.1
Tyre cord fabric,1304060001,0.07297,99.7,103.4,101.2,90.8,83.5,87.1,95.1,88.6,83.8,101.9,103
"Men/Boys suits, coats and jackets",1305010003,0.12904,102,105.1,118.9,125.7,122.3,127.2,129.9,133.1,133,130.8,134.1
"Cardigans and pullovers, knitted",1305020001,0.03253,101.2,108.4,113.5,113.1,113.7,121.1,123,123.3,118.3,119.3,120.8
"Shawls and scarves, knitted",1305020002,0.06085,110.9,116.3,124.8,128.2,132.5,153.9,156.5,152.6,167.1,176.9,184
a. Tanning and dressing of leather; dressing and dyeing of fur,1306010000,0.14215,112.9,121.5,130.6,126.3,119.9,110.9,111,105.5,101.1,103.4,105.6
"b. Manufacture of luggage, handbags, saddlery and harness",1306020000,0.0754,109.1,120,123.9,132.2,132.3,131.2,134.7,136.3,138.6,141.5,141
Leather Shoe,1306030001,0.20737,103.4,111,115.2,117.7,123.6,122.5,124.9,120,120,116.4,122.7
Canvas shoes,1306030003,0.01281,106.3,114.8,116.1,118.2,121.5,126.7,131,132.8,138.4,141,142
Plastic/PVC Chappals,1306030004,0.06382,105.8,105.7,112.3,114.1,114.7,116.1,116.2,117.5,122.4,137.7,137.4
"Wood cutting, processed/sized",1307010002,0.05037,108.2,115.4,121.5,123.3,129.8,129.9,134,130.1,126.1,129.7,135.5
"b. Manufacture of veneer sheets; manufacture of plywood, laminboard, particle board and other panels and boards",1307020000,0.4933,109.9,116.7,122.3,129.7,127.3,131.5,136.3,135.5,136.6,141.9,141.8
Paper bag including craft paper bag,1308010003,0.00123,100,100,100,118.2,143.2,173.5,177.6,133.4,129.2,179.2,173.1
Laminated Paper,1308010006,0.0282,109.1,116.1,122.4,122.1,127.5,136,140.9,139.1,139.4,145.8,149.6
Press board,1308010009,0.003,100.3,102.9,108.7,105.9,102.2,100.7,103.8,107.5,102.9,114.1,127.8
Card board box,1308020003,0.02722,109.2,112.4,114.9,115.2,113.2,122.9,124.5,125.2,129.4,146.5,150.6
Duplex paper,1308030001,0.18002,96.1,100.9,105.8,102.6,98.8,113.4,116.8,117.3,118.6,136.5,141.4
Map litho paper,1308030002,0.09799,105.4,115,117.1,116.1,118.9,122.7,129.2,130,117.8,124.3,157.5
(I). PRINTING AND REPRODUCTION OF RECORDED MEDIA ,1309000000,0.67622,110.5,118.7,126.2,136.1,141.1,143.7,146.6,150.6,153.8,157.8,172.5
a. Printing,1309010000,0.67622,110.5,118.7,126.2,136.1,141.1,143.7,146.6,150.6,153.8,157.8,172.5
Newspaper,1309010001,0.03031,109.5,121,132.3,131.7,130.5,131.9,138.2,140.6,145.5,151.7,155.3
(J). MANUFACTURE OF CHEMICALS AND CHEMICAL PRODUCTS,1310000000,6.46505,108.3,113.3,116.1,112.6,111,112.5,119.1,117.5,118.2,133.5,145.4
Alkyl Benzene,1310010011,0.07318,106.2,117.6,105.7,86.1,83.2,86.6,94.8,91.7,92.6,121.7,136.6
Ethylene Oxide,1310010012,0.01294,108.3,115.3,115.5,102.4,99.1,103.2,111.3,105.2,100.5,118.3,133.1
Menthol,1310010014,0.02162,120.2,94,80.5,83.6,86.9,103.8,121.2,112.8,89.9,80.4,82.7
Camphor,1310010015,0.00751,88.5,105.5,105.9,93.5,94,131.5,218.6,201.6,219.8,235.4,200.3
Sulphuric Acid,1310010019,0.03029,98.3,84.8,99.7,108.5,105,110.6,167.1,119.6,103.5,166.4,159.5
Phthalic anhydride,1310010024,0.0191,122,127.8,99.6,80.1,87.8,96.4,108.2,98.5,94.1,118.1,137.6
Sodium Silicate,1310010027,0.01297,104.6,108.2,117.9,118.5,118.9,117.3,120.5,125.2,124.9,145,195.3
b. Manufacture of fertilizers and nitrogen compounds,1310020000,1.48497,113.5,116.5,118.9,121.4,118.7,117.1,121.1,123.1,123.6,129.6,144.8
Urea,1310020001,0.72685,101.7,104.7,106.4,111.8,112.4,111.8,111.6,111.2,109.8,110.1,115.1
Ammonium sulphate,1310020003,0.0342,113.2,110.8,123.6,114.8,104.8,102.2,106,108.9,116,129,150.2
"Fungicide, liquid",1310040003,0.00357,104.7,120,126.6,141.6,176.5,158.1,152.7,154.8,155,208.1,305.6
Paint,1310050001,0.38664,106.1,109.9,112.3,110.4,109.2,108.9,112.7,114.2,114.5,130.6,146.1
"f. Manufacture of soap and detergents, cleaning and polishing preparations, perfumes and toilet preparations",1310060000,0.61219,106.8,111.5,112.4,112.3,113.7,115.2,116.8,118.6,120.6,128.1,140.8
"(K). MANUFACTURE OF PHARMACEUTICALS, MEDICINAL CHEMICAL AND BOTANICAL PRODUCTS",1311000000,1.99345,104.8,108.3,114.5,118.7,119.7,121.2,123.5,127.3,130.9,135.9,140.9
"a. Manufacture of pharmaceuticals, medicinal chemical and botanical products",1311010000,1.99345,104.8,108.3,114.5,118.7,119.7,121.2,123.5,127.3,130.9,135.9,140.9
Vaccine for polio,1311010012,0.01289,104.7,109.2,121.3,124,140.5,137.2,128.6,128.7,132.6,136.3,143.8
Sulpha drugs,1311010014,0.03627,107.6,128.5,131.8,136.9,143.9,155.9,159.9,196.5,193.4,199.4,220.6
Anti allergic drugs,1311010015,0.00959,113.1,115.1,116.1,121.8,114.6,124.6,118.2,114.6,117.6,111.5,112.8
Antioxidants,1311010016,0.02243,101.2,111.2,109.3,110.7,104.8,131.5,139.2,138.8,140.5,161.5,173.7
a. Manufacture of rubber tyres and tubes; retreading and rebuilding of rubber tyres,1312010000,0.60897,103.1,105.4,106,102.4,101.4,100.3,98.9,98.9,98.3,104.3,111.8
Tractor Tyre,1312010002,0.03327,100.1,99.8,98.5,97.3,95.6,96,93.9,92.7,90.6,100,105
Rubber cloth/sheet,1312010008,0.01224,123.1,123.5,133.7,130.7,129.5,135.5,133.5,140,141.8,147.3,148.3
2/3 wheeler rubber tube,1312010009,0.01601,104,108.7,111.6,112,112.5,117.8,123.2,122.6,121.5,126,132.9
Rubber moulded goods,1312020002,0.03434,102.8,104.5,103.9,104.6,103.3,104.6,107.6,111.9,109.5,118,126.9
Rubber tubes- not for tyres,1312020010,0.05076,97.1,94.8,93.7,92.2,91.7,90,88,88.4,89.9,96,94.7
Polyester film (non-metalized),1312030002,0.01969,103.8,119,114.6,103.3,96,95.4,107.9,101.3,96.8,111.1,114.9
Polypropylene film,1312030003,0.05098,99.8,109.9,112.7,101.2,97.4,96.3,98.2,99.5,103.7,128.7,128
Thermocol,1312030009,0.06841,106.7,121.5,124.6,119.5,112.8,121.3,126.1,123.4,125.7,147,156.8
Plastic tank,1312030014,0.03701,107.9,117,120.8,120.7,121.2,123.4,122.8,118.6,117,124.1,134.1
Ordinary sheet glass,1313010001,0.00555,108.9,110.8,122.2,115.9,113.2,113.1,112.4,107.8,112.9,163.1,192.1
c. Manufacture of clay building materials,1313030000,0.12113,108.3,113,120.4,102.5,94.3,94,98,102.8,109.3,119.3,135.3
"e. Manufacture of cement, lime and plaster",1313050000,1.6448,107.8,106.4,110.9,109.9,110.6,113.8,114.3,119.5,120.9,126.4,137.2
"g. Cutting, shaping and finishing of stone",1313070000,0.23351,103.6,107.5,112.2,114.1,117.4,117.2,118.8,120.2,121.1,122.2,125.6
f. Alloy steel other than Stainless Steel- Shapes,1314060000,0.06671,106.3,99.8,102.1,88.7,85.6,97.3,111.7,102.8,108.3,133.7,146.9
h. Pipes & tubes,1314080000,0.20534,102.9,104.5,108.8,104.6,107.8,116.1,126.6,126.2,127.9,155.9,175.4
Stainless steel tubes,1314080002,0.20459,102.9,104.5,108.8,104.6,107.8,116.1,126.6,126.2,128,156,175.6
i. Manufacture of non-ferrous metals incl. precious metals,1314090000,1.69264,104.2,106.5,108.7,100.9,100.1,107.9,112.2,107,112.3,139.7,145.9
Copper shapes - bars/rods/plates/strips,1314090006,0.62858,105.1,106.5,103.1,92.2,89.7,99.2,102.4,100.6,109,128.2,130.9
Aluminium shapes - bars/rods/flats,1314090010,0.21326,105.7,107.1,114,109,108.4,113.8,119.6,112.8,113.9,145.4,154.8
j. Castings,1314100000,0.92451,105.8,104.5,98.1,98.7,102.2,104.8,109.8,112.8,109.1,118.9,130.7
Steel Container,1315020002,0.07075,101.1,107.3,114.8,114.5,112.2,113.6,123.1,122.2,126.9,153.8,163.1
Electrical stamping- Laminated or otherwise,1315040001,0.17896,96.3,86,95.4,104.1,95.6,90.1,93.3,92.4,85.4,120.8,149.7
Forged Steel Rings,1315040002,0.20446,98.9,99.6,100,94,93.9,91.2,98.9,107.5,106.7,114.7,122.6
Iron/steel hinges,1315050003,0.003,103.1,106.6,111.2,112.2,113.7,124.1,130.1,127.6,138.2,209.5,258.6
Pressure cooker,1315060008,0.04521,105.3,112.2,115.6,118.6,117,119.1,125.9,125.4,125.1,134.3,141.7
Steel drums and barrels,1315060009,0.02274,100.4,102.3,105.3,103,103.2,110.5,122.6,118.6,127.3,167.6,162
a. Manufacture of electronic components,1316010000,0.40241,104.5,107.2,105.9,105.1,106.7,103.7,100.9,98.1,99.1,106,115
Electronic Printed Circuit Board (PCB)/micro circuit,1316010003,0.07375,109.5,111.9,116.9,120.6,129.4,134.9,136.7,131.7,127.9,133.5,136.7
d. Manufacture of consumer electronics,1316040000,0.64095,99.9,99.8,100.7,101.5,100,103.1,103.8,98.8,98.5,102.1,99.7
Electric & other meters,1317010006,0.04345,100.8,100.9,102.1,98.4,94.1,95.2,95.3,96.2,96.9,101.3,105.6
Meter Panel,1317010008,0.05246,101.9,101,103.8,108,107.5,110.3,112.3,112.6,112.7,113.9,115.5
Amplifier,1317010009,0.0011,105.7,107.9,109.1,116,121.5,114.2,115,116.3,118.6,132.9,134.7
Electrical resistors (except heating resistors),1317010014,0.00732,109.8,105.7,109.8,121.9,122.6,132.9,146.7,149.7,151.4,170.9,183.3
Solenoid valve,1317010015,0.0046,109.9,117.3,129.4,132.3,138.1,137.2,147.1,148.5,148.4,165.7,182.3
c. Manufacture of fibre optic cables for data transmission or live transmission of images,1317030000,0.13327,112.2,119.7,126,122.1,118.8,116.5,126.1,109.9,98.1,103.1,116.6
Aluminium wire,1317040006,0.01353,104,109.4,116,108.8,112,117.7,123.3,117,119.7,149.5,162.2
"e. Manufacture of wiring devices, electric lighting & display equipment",1317050000,0.26294,98.1,101.1,104.2,109.9,108.5,109.9,108.6,111.1,111.1,114.5,117.2
Refrigerators,1317060001,0.13502,110.2,119.2,119.5,123.6,126.9,129.9,128.2,123.8,124.2,129.4,130.8
Air Coolers,1317060003,0.00697,101.1,108.1,114.9,114,116.1,117.8,119.6,118.9,116.7,122.4,130.3
Fan,1317060005,0.0508,100.7,103.9,106.6,108.6,109.8,113.1,115.4,116.8,120.4,139.7,149.2
Domestic gas stove,1317060006,0.00949,106.7,114.4,122.8,119.2,115.2,111.6,112.6,118.1,122.8,126.5,130.8
Injection pump,1318020001,0.04418,104.2,105.9,115.2,124,119.6,120.2,121.6,122.3,124.6,127,132.9
Air gas compressor including compressor for refrigerator,1318030004,0.05445,103.4,107.9,107.9,107.9,108.1,110.2,107.2,114.1,117.9,119.6,128.8
"d. Manufacture of bearings, gears, gearing and driving elements",1318040000,0.34015,104.5,103.1,106.3,104.7,104.5,109,111.2,110.1,111.8,118.1,124.2
Roller and ball bearings,1318040001,0.28071,105,102.5,105.9,104.1,104.4,110,112.4,110.5,111.9,117.8,123.5
h. Manufacture of other general-purpose machinery,1318080000,0.43675,109.5,120.2,129.1,128,124.9,127.3,129.6,130.9,128.7,133.4,143
Air conditioning plant,1318080003,0.00015,85.8,84.7,100.3,110.4,112.3,112.3,113.1,111.5,111.9,116.1,116
Filtration equipment,1318080004,0.13412,103.1,114.3,111.2,111.2,117,119.1,120.5,119.9,121.9,135.7,141.3
"k. Manufacture of machinery for mining, quarrying and construction",1318110000,0.37079,105,94.2,89.5,89.6,79.6,75,75.7,75.1,75.7,78.2,84.9
Concrete vibrator & mixture,1318110007,0.01692,101.8,102.4,102.7,104.1,103.8,103.7,102.9,103.1,104.5,109.3,118.4
"l. Manufacture of machinery for food, beverage and tobacco processing",1318120000,0.22793,101.1,107.1,114.7,119.9,116.9,121.1,124.7,125.2,128,130.1,127.7
Sugar Machinery,1318120005,0.1179,98.2,113,130.4,136.3,127,131.2,130.6,127.8,131,137.4,137.9
Open end spinning machinery,1318130001,0.13728,101.5,107.8,113.3,110.2,118,120.3,122.2,121,123.1,124.4,129.6
Sewing Machines,1318130002,0.01112,106.4,109.3,109.5,107,107.4,109.7,111.9,118.6,124.1,136,147.9
Printing machinery,1318130004,0.04184,104.9,101.8,109.1,113.5,112.2,109.3,113.7,114.6,116.4,124.3,125.3
a. Manufacture of motor vehicles,1319010000,2.60026,103,110.8,113.7,113.6,113.4,112.6,113.3,115.2,119.4,122.6,126
Chassis of different vehicle types,1319010004,0.15893,105.5,112.7,102.6,102.7,105.4,108.4,110.7,115.6,123.1,130.1,134.8
b. Manufacture of parts and accessories for motor vehicles,1319020000,2.36827,102.7,103.6,105.5,107.5,107.2,108.6,112.2,113.7,116.1,122.7,129.3
Shafts of all kinds,1319020004,0.07112,105.4,105.4,108.7,106.5,113.1,113.3,116.9,119.6,122.7,126.4,131
Axles of motor vehicles,1319020005,0.12553,105,108.3,107,108.1,108.7,110.7,113.7,114.4,118.7,126.1,142.1
Release valve,1319020016,0.00101,116.8,124.5,124.2,110,108.6,114,120.5,120.4,120.5,130.6,135.3
Ignition device,1319020019,0.01704,104.4,122,127.2,129.6,150,154.7,158,158.8,158.8,165.9,173.1
a. Building of ships and floating structures,1320010000,0.11734,105.3,140,158.6,158.6,158.7,158.8,158.8,158.8,158.8,158.9,162.5
"Fishing vessels, trawlers",1320010001,0.1134,105.5,141.4,160.7,160.7,160.7,160.7,160.7,160.7,160.7,160.7,164.2
b. Manufacture of railway locomotives and rolling stock,1320020000,0.10979,100.9,106.3,99.6,95.9,100.6,104,104.7,106.4,105,104.4,105.5
Wagons,1320020001,0.06331,100.3,102.3,89.9,85.1,90.3,91.3,91,94.5,93.6,92.4,94.9
Railway brake gear,1320020004,0.00042,101,104.9,104.7,102.2,97.5,95.3,93.8,92.6,92.6,93.3,87.6
Scooters,1320030002,0.12322,101.3,97.1,98,97.2,97.3,99.6,101.4,103.9,107.4,113.1,120.2
Bicycles of all types,1320040001,0.117,105.9,109.9,114.1,115,118,121.3,127.8,128.9,130.3,137.2,139.8
Tanker,1320050001,0.00159,110.9,112.3,113.5,117.5,116.5,119.9,123.5,126.1,128.5,135.9,152.5
a. Manufacture of jewellery and related articles,1322010000,0.99638,95.3,94.2,104.2,115.5,118.4,106.7,103.9,109.9,130.5,136,146.5
Sports goods of rubber (incl. balls),1322030001,0.00367,106.8,104.1,112.8,113.3,119.3,119.2,116.7,116.3,116.8,125.6,133.1
Wheat,1101010102,1.02823,115.3,124.9,123.4,128.4,142.1,138.7,149.4,159.2,152.9,160.1,184.9
Maize,1101010105,0.18927,116,123.1,118.5,125.5,137,124.7,133.2,175.4,143.3,152.1,187.2
Ragi,1101010107,0.00738,139.9,167.5,161,161,198.6,234.1,214.7,220.9,228.3,231.7,218.4
Onion,1101020103,0.16445,126.1,270.5,194,253.6,117.4,212,138,306.5,255.2,237.1,175
Ginger (Fresh),1101020105,0.02124,121.4,280.2,266.2,184.8,141.9,131,215.9,310.6,191.3,138.5,167.2
Carrot,1101020112,0.01874,131.5,124.8,155.8,162.7,137.2,137.5,110.5,165.8,149.2,167.4,197.1
Cucumber,1101020114,0.00906,108.4,123,113.6,119.1,132,132.2,148.1,169.2,163.7,168.2,165.4
Jackfruit,1101020217,0.02458,141.8,123.7,131.2,112.7,181.5,207.5,129.6,112.9,149.8,126,131.6
"d.  EGGS,MEAT & FISH",1101040000,2.40156,113.3,126.1,130,131.9,133,135.7,138,147,151.2,164,170.6
Cardamom,1101050004,0.01434,109.7,102.1,121.8,122.3,139.3,129.4,129.6,184.6,152.1,125,117.2
Ginger (Dry),1101050005,0.02098,86.7,135.9,167.6,161,134.7,116,147.8,198.3,205.5,230.6,260.2
Mesta,1102010003,0.00225,105.8,119.1,124.8,149.2,152.2,124,124.8,134.3,148.9,185.2,203.6
Coir Fibre,1102010006,0.01555,108.3,124.4,129.2,122.5,116.1,114.9,122.8,118.9,121.9,121.5,114.6
b.  OIL SEEDS,1102020000,1.1153,126.8,125.6,129.2,136.6,136,129.9,140.5,151.4,161.7,214.4,205.2
Gingelly Seed (Sesamum),1102020005,0.01201,139.8,154.5,133.7,111.1,118.6,121.6,148.6,175.2,182.3,182.6,191.2
Skins (Raw),1102030002,0.0229,96,102.4,110.2,111.9,114.5,112.2,105.2,98.9,98.6,90.5,91.8
Fodder,1102030008,0.5314,116.9,138.7,149,161.4,164.6,149.5,133.1,147.6,161.1,180.5,223.4
Rose,1102040001,0.14264,115.1,142.4,147.5,153.8,137.4,148.7,171.9,237.1,196.8,204.9,252.6
Bauxite,1103010001,0.00842,109.8,143.9,152.9,173.3,186.3,236.5,252.4,257.3,238,217,201.1
Lead Concentrate,1103010007,0.00369,106.2,119.5,153.2,161.9,147.4,172.4,187.4,204,180.7,243.7,252.8
(A). COAL,1201000000,2.13813,102.1,104.8,106.7,106.5,109,118.7,123.3,125.3,126.6,129,133.3
Coking Coal,1201010001,0.64703,100,101.2,101.4,101.4,108.2,134.1,132.9,138.1,141.8,143,143.4
a.) Non-Coking Coal G1 to G6 [GCV exceeding 5500 Kcal/kg.],1201020001,0.4999,105.6,103,103,103,91,88.2,87.6,87.6,87.7,87.8,87.8
ATF,1202000004,0.31991,112.6,119.7,105.1,69.5,69.3,78.7,102.8,97.2,62.5,112.4,188.5
III   MANUFACTURED PRODUCTS,1300000000,64.23054,105.3,108.5,111.2,109.2,110.7,113.8,117.9,118.3,121.5,135,142.6
"b. Processing and preserving of fish, crustaceans and molluscs and products thereof",1301020000,0.20396,100.7,122.3,124.2,123.6,127.7,128.1,132.1,136.1,139,144.1,144.9
Sunflower Oil,1301040004,0.23133,105.6,106.6,95.4,101.3,105,103.4,109.9,112.2,134.5,161.8,166
f. Manufacture of grain mill products,1301060000,2.00952,112.3,124.8,127.2,124,136.2,137.4,141.6,146.3,143.5,145.6,162.1
Gram powder (besan),1301060006,0.0959,127.9,103.6,100.4,142,207.7,162.5,138.4,145.2,153,162.1,158.8
Rice products,1301060009,0.07025,108.8,120.5,122.1,116.4,128.3,136.8,153.1,142,141.9,146,157.6
Vegetable starch,1301070001,0.10955,106,111.5,108.9,110.9,114.6,112.6,116.6,135.5,115.9,133.3,158.9
h. Manufacture of bakery products,1301080000,0.21459,107.3,114.3,120.3,123.6,127,128.8,129.3,133.5,138.1,146.2,163
"Cakes, pastries & muffins",1301080003,0.02084,108.8,115.7,123.4,127.4,130.2,132.2,134.2,147,154.1,162.8,174.1
Bagasse,1301090003,0.0276,111.4,127.1,132.9,134.1,140.7,149.4,140.3,146.5,136.4,130.2,145.3
"k. Manufacture of macaroni, noodles, couscous and similar farinaceous products",1301110000,0.0264,107.3,112.6,117.2,122.1,137.1,131.4,134.5,132.7,132.3,136.7,155.8
Instant Coffee,1301120002,0.03292,112.2,114.2,118.2,121.5,115.2,120.3,113.7,115,119.3,120.4,135
Mustard oil cake,1301160005,0.03512,161.6,148.7,156,218.9,233.2,182.6,187.6,195.7,202.5,246,200.7
Spirits,1302010001,0.23997,105.5,110.3,111.5,107.4,107.1,106.6,106.5,109.9,110.9,114.7,118.2
Rectified spirit,1302010003,0.07357,109,117.3,126.1,122.1,130.8,131.4,130.3,144.4,152.3,157,171.6
Country liquor,1302020002,0.0625,103.4,108,114.1,106.9,105.5,106.3,108.6,117.8,120.9,127.7,133.3
Viscose yarn,1304010003,0.09019,107.2,108.2,106.6,102.8,107.1,109.6,113.7,113.9,110.1,123.9,127.5
"Fabrics/cloth, rayon",1304020006,0.08362,106.3,111.6,113.5,102.8,104.1,113,115.9,113.2,109.2,123.1,131.8
Knitted fabrics of cotton,1304030001,0.17714,106,112.6,111.8,104.9,106.2,107.9,112.5,114.5,114.9,124.7,129.3
Bed linen/Bed Spread,1304040001,0.05655,104.4,107.4,109.5,113.9,117.3,120.5,124.6,132.2,138.3,143,152
Cotton Towel,1304040005,0.09734,108.2,111,117.6,122.4,127.8,129.8,142.9,150.8,140.7,149.3,165.5
"a. Manufacture of wearing apparel (woven), except fur apparel",1305010000,0.59324,115.3,119.9,125.5,133.3,133.9,137.8,139.4,139.2,138.1,142,147.3
Shirts/half shirts of cotton and/or man-made fibre,1305010001,0.35583,122.9,127.2,129.7,138.8,140.8,145.5,147.6,147.6,147.3,155,162.3
Trouser/pants made of cotton and/or man-made fibre,1305010002,0.01377,102,105.6,115.9,120.2,122.7,125.8,128.1,130.1,127.6,129.2,139.6
Gloves of leather,1306020004,0.01002,109.2,127,131.6,143,146.1,136.7,139.3,140.5,141.3,135.6,130.9
Athletic/sport shoes,1306030002,0.01651,102.5,110.6,114.2,115.3,113,115.3,115.1,110.4,110.6,104.5,103.4
(G). MANUFACTURE OF WOOD AND OF PRODUCTS OF WOOD AND CORK  ,1307000000,0.77181,110.9,118.8,124.6,130,129.8,131.5,133.5,133.7,134.6,141,143.2
"Timber/wooden plank, sawn/resawn",1307010001,0.05444,111.1,114.4,120,121.5,122.6,116.2,119.9,118.8,117,128.3,143
Lamination wooden sheets/Veneer sheets,1307020003,0.18314,115.1,125.2,132.5,147.3,147.4,154.8,165.7,162.3,163.3,168.7,157.7
Wooden block - compressed or not,1307040001,0.00965,104,109.7,112.7,117,119.1,128.4,138.5,140.3,141.8,143.6,149.7
(H). MANUFACTURE OF PAPER AND PAPER PRODUCTS,1308000000,1.11322,103.6,110.2,114,112.7,113.6,118.9,123.3,121.1,121.7,137.5,152
Corrugated sheet box,1308020001,0.19469,110.8,114.1,114.2,109.7,109.5,108.9,107,104,114.2,130.2,141.3
c. Manufacture of other articles of paper and paperboard,1308030000,0.30604,99.9,106.9,110.3,107.4,105.9,116.2,120.6,121.2,117.4,131,145.6
Printed labels/posters/calendars,1309010003,0.09471,111.6,112.9,108.5,107.3,107.2,108.3,102.6,103.3,101.4,102.3,103.2
Hologram (3D),1309010006,0.00297,74.2,84,93.2,94.2,104,111.9,116.1,116.8,115.4,119,118.8
Organic Solvent,1310010002,0.00015,108.2,118.7,113,96.9,98.3,100.1,107.9,96.7,93.4,123,128.1
Caustic soda (sodium hydroxide),1310010006,0.08237,122.4,114.3,114.9,120.1,124.8,155.8,162.3,137.9,108.2,154.6,212.9
Soda ash/washing soda,1310010007,0.06255,115.2,117.2,128.3,125,123,125.9,134.9,138,126.9,148.9,193.6
Carbon Black,1310010008,0.10555,109.2,111.7,103,77.8,68.3,85,117.2,102.3,88.6,131.3,176.6
"Aniline (including pna, ona, ocpna)",1310010017,0.03068,119.4,128.3,129.4,116.7,114.6,121.3,127.1,120.6,150.9,196.9,203.4
Nitric Acid,1310010018,0.02048,104.9,112.6,126.5,138.4,144.4,123.7,142.2,135.5,149.6,187.4,249
Liquid air & other gaseous products,1310010021,0.0445,101,102.4,106.5,108.1,110.3,112.7,120.2,126.9,131.5,136.5,136.5
Ammonia gas,1310020007,0.04383,120.2,115.7,113.4,94,85.8,84.3,91.9,96.1,91.6,133.3,211.4
Poly Propylene (PP),1310030001,0.19433,110,126.4,128,107.1,108.1,108.6,121.4,114.3,116.6,140.8,135.2
Polyethylene,1310030003,0.51618,109.3,117.9,130.1,123.7,118.6,118.9,120.3,111.1,115.7,142,150
"Polystyrene, expandable",1310030004,0.02619,114.4,135.4,132.7,124.1,124.6,125.9,129.3,122.7,120.8,141.7,144.5
"e. Manufacture of paints, varnishes and similar coatings, printing ink and mastics",1310050000,0.49145,105.5,109.7,111.9,109.8,108.5,108.6,112.7,114.7,114.9,130.4,145
Printing ink,1310050004,0.0754,103,108.6,110,105,101.9,103.9,108.8,113.1,113.9,129.4,139.5
Tooth paste/Tooth Powder,1310060004,0.02704,104,111.7,118.3,122.4,122.8,122.1,121.1,122.5,120.9,124.7,138.4
Perfume/scent,1310060006,0.10008,101.9,105.7,108.5,111.5,119.1,117.9,118.4,118.2,112.7,115.4,125.5
Creams & Lotions for External Application,1310060007,0.02734,102.9,102.9,100.7,95.4,92.8,90.9,93.2,95.1,100.2,99.7,103.4
Hair oil/Body Oil,1310060009,0.0089,101.2,105.1,113.2,113.9,113.7,113.5,119.3,125,126.8,127.3,128.7
Mosquito coil,1310060011,0.00621,116,129.6,137.5,141.9,150.6,154.2,139.1,139.3,144.7,154.1,165.3
Polyester film(metalized),1310070003,0.08695,101.5,114.3,114,111,105.9,107.6,117.7,117.5,114.2,126.7,132.5
Gelatine,1310070006,0.02008,118.3,133,144.2,139.5,133.3,127.8,128,133.5,146.2,159.1,157.5
Rubber Chemicals,1310070012,0.00748,100.3,103.2,101.3,107.9,109.2,109.5,113.2,114.4,112.8,128.7,127.3
Viscose staple fibre,1310080003,0.01984,101,100.3,99,88.5,93.8,95.8,98.2,96.9,94.3,93.4,95.9
"Vials/ampoule, glass, empty or filled",1311010004,0.0263,105.6,102.8,104,107.6,106,109.7,111.2,109.4,104.9,113.6,118.5
Simvastatin,1311010010,0.0523,101.9,102.5,101.3,114.2,113.7,107.1,106.7,106.3,106.5,119.1,118.9
Antiseptics and disinfectants,1311010017,0.0146,104,113.5,113.5,108.5,103.9,104.7,104.1,107.2,105.2,107.7,115.6
Anti-malarial drugs,1311010021,0.06041,106.3,112.3,118.5,119.9,110.2,99.1,93.5,96.8,95.8,94.3,106.5
2/3 wheeler Tyre,1312010003,0.0403,101.7,100.4,100.8,102.5,99.1,98.6,102,103.6,102.2,107.9,118.8
Rubber components & parts,1312020004,0.01732,103.6,106.4,107.7,104.7,95.2,94.9,98.9,101,102.4,116.3,126.9
Plastic film,1312030004,0.24113,105.1,113.9,116.2,111.8,110.3,107.4,111,109.2,113.7,130.4,134.7
Plastic tube (flexible/non-flexible),1312030011,0.07563,103.4,112.3,116.1,114.1,116.4,115.1,117.4,118.9,126.6,148.1,146.3
Acrylic/plastic sheet,1312030015,0.01563,105.2,112.6,113.7,107.7,107.4,109.5,114,113.1,116.6,136.7,137.8
Tooth brush,1312030016,0.03926,101.3,108.6,114.8,114.9,113,120.7,127.6,138.8,141.1,145.3,145.5
(M). MANUFACTURE OF OTHER NON-METALLIC MINERAL PRODUCTS,1313000000,3.20176,107.2,107.5,111.3,110.5,109.8,112.7,115.9,116.7,117.6,123.7,133.7
Glass bottle,1313010004,0.1985,105.9,106.3,112.9,113.7,115.8,116.7,123.3,128.5,131.6,143.6,165.1
Ceramic tiles (Vitrified tiles),1313020002,0.17903,109.5,112.7,118.7,124,119.8,116.4,113.1,109.9,111.7,118.2,121.5
Electric insulating material,1313040002,0.20102,103.2,101.2,106.2,108.1,109.2,109.6,109.5,110.7,105.4,107.1,110.7
Clinker,1313050002,0.31582,111.2,107.7,109.8,112.8,112.5,115.7,111,116.9,119.8,130.3,150.1
Marble Slab,1313060002,0.09603,104.7,111.1,117.5,122.8,125.2,128.7,128.9,126.5,125.6,129.3,132
Cement blocks (concrete),1313060004,0.04345,101.5,105.1,109.8,106.1,105.1,110.3,119.1,124.3,128.5,132,141.4
Granite,1313070001,0.15735,103.4,107.1,111.4,112.7,118,119.3,121.7,123.4,125.9,126.6,129.7
Sponge Iron/Direct Reduced Iron (DRI),1314010001,1.00352,108.1,101.6,102.8,81.1,73.7,89.4,109,94.7,105.7,148.7,163.9
Ferrochrome,1314010002,0.11195,104.5,106.9,110.4,102.5,114.4,121.6,121.1,112.4,122.6,169.9,181.3
c. Mild Steel - Semi Finished Steel,1314030000,1.27356,107.3,103.7,103.5,93.3,89.8,93.2,99.5,95.1,99.8,119.1,127
Mild Steel (MS) Blooms,1314030001,0.64842,104.9,99.3,98.7,81.2,76,88.3,99.8,91.8,99.4,126.2,135
MS Pencil Ingots,1314030003,0.04173,105.3,100.4,103.3,87.8,84.4,97.9,112.6,101.3,111.2,147.7,161
"Angles, Channels, Sections, steel (coated/not)",1314040004,0.01267,109.6,106,102.3,85.8,79.2,96.4,117.9,106.1,110.9,143.4,160.3
e. Mild Steel - Flat products,1314050000,1.14442,105.4,105,102.5,88.5,89.4,104.9,119.6,108.7,117.2,157.5,155
"Cold Rolled (CR) Coils & Sheets, including Narrow Strip",1314050002,0.09307,102.2,101.8,101.2,86.7,88.3,101.2,116.1,107,114.8,154.5,150.2
Stainless Steel Pencil Ingots/Billets/Slabs,1314070002,0.41164,117.6,108.9,114,93.7,85.1,107.8,132.1,113.4,124.1,175.1,190.6
Copper metal/Copper Rings,1314090001,0.11676,98.8,99,101.7,93,88.3,99.4,106.1,102.3,110.5,130.8,130.2
Zinc metal/zinc blocks,1314090002,0.02265,105.3,112.5,119.7,113.3,119.1,134.8,140.5,136,136.5,152.1,160.5
Aluminium Disk and Circles,1314090008,0.03952,97.3,95.5,103.9,103.2,101.6,105.5,108.6,101.8,105.4,125,129.4
"Cast iron, castings",1314100001,0.0555,105.4,109.3,109.2,108.1,105.3,107.2,112.3,113.5,114.4,124.3,137.1
Steel forgings - rough,1314110001,0.27051,102.4,103.3,110.6,115.4,118.2,118.4,126.8,146.5,145.7,159,172.4
"Steel pipes, tubes & poles",1315010001,0.28647,104.7,100.9,101.5,101.1,101.4,106.4,114.1,113.5,114,129.4,140
Jigs & Fixture,1315010004,0.00541,104.4,106.1,109.1,108.5,107.7,109.2,108.9,108,110.4,122,131.1
"e. Manufacture of cutlery, hand tools and general hardware",1315050000,0.20758,99.7,99.6,102.4,106.1,111.5,102.3,99.7,100.5,102.9,108.2,112.2
Hand tools,1315060002,0.27659,97.8,100.3,105.8,108.3,109.8,122.4,138.1,142.1,141.5,149.2,152.9
Iron/steel cap,1315060003,0.01294,100.9,106.6,113.4,112.3,112.1,118.6,120.9,124.7,127.9,141.2,143
b. Manufacture of computers and peripheral equipment,1316020000,0.33637,95.7,98.3,121.3,127.5,127.3,127.4,132.5,135,134.8,134.7,135
Telephone sets including mobile hand sets,1316030001,0.30578,102.8,106.9,107.3,105.2,104.2,110.9,117,117.4,115.3,122.3,130.1
Colour TV,1316040001,0.43702,98.2,97.2,97.3,97.5,95.3,97.8,98,90,89.8,94,89.9
Meter (non-electrical),1316050001,0.18056,102.7,101.6,102.2,101.1,103.1,106.9,109.1,111.5,107.7,108.4,112.8
Scientific time keeping device,1316060002,0.00304,114.3,130.6,158.7,175.9,185.2,185.7,193,198.2,209.6,215.1,223.9
Generators & Alternators,1317010001,0.3902,98.7,94,100.6,106.2,110.1,114.8,117.2,117.6,120,125.1,137.3
Rotor/magneto rotor assembly,1317010003,0.0068,100.1,97.4,94.6,90.6,92.9,94.1,93.7,97.4,124.2,141.4,136
Electrical relay/conductor,1317010010,0.1027,107.4,108.7,110.9,103.8,102.9,105.2,108.4,109.8,112.3,129.1,142.2
b. Manufacture of batteries and accumulators,1317020000,0.23573,103.2,112.1,116.9,120.1,120.4,117.4,117.7,117,117.1,121.8,131.9
Dry cells such as torch light batteries,1317020001,0.04299,99.5,111.8,121.1,120.2,123.1,118.2,115,115,113.5,115.2,130.3
Lead acid batteries for vehicles & other uses,1317020002,0.00039,107,116.5,122.7,121.4,119.6,122.3,122.6,118.6,111.5,114.4,120.4
Batteries,1317020004,0.19028,103.9,112.1,116.1,120.2,119.9,117,118.2,117.4,117.9,123.1,132.3
Copper wire,1317040007,0.07782,104.7,107.8,106.1,93.8,91.2,100.9,108.9,108.2,118.1,156.5,161.2
Insulating & flexible wire,1317040009,0.08644,105.3,107.1,97.9,94.9,92.3,98.9,105.5,106.8,115.8,143.7,144
Flourescent tube,1317050003,0.03823,102.8,103.2,104.1,102.3,99,101.3,105.3,109.3,108.3,112.2,115.2
Electrical ballast & chokes,1317050006,0.00346,98.8,98.2,98.8,90.6,89.8,89.8,89.8,89.8,89.8,89.8,89.8
Insulator,1317070003,0.11159,101.9,106.8,113.1,114.9,111.5,113.8,113,112.1,114.7,119.3,121.8
Steam Turbines,1318010001,0.02536,96,95.5,88.5,94.4,94.7,84.3,79.2,79.2,83.1,85.4,81.3
b. Manufacture of fluid power equipment,1318020000,0.16151,106.2,106.5,111.9,115.6,114.3,115.3,118.2,119.9,119.4,122.1,128.4
Hydraulic pump,1318020002,0.00026,106,109.2,114,115.2,116.7,119.3,120.4,115.9,116.4,121.6,126.1
Pump sets without motor,1318030002,0.25362,101.6,111.4,112.9,109.1,108,113.5,113.7,113.3,108.9,109.3,110.9
Hydraulic equipment,1318060003,0.16803,102.3,104.7,107.3,108.7,107.9,110.3,113.8,111.5,113.8,119.1,123
g. Manufacture of office machinery and equipment,1318070000,0.00582,103.1,103.1,140.6,131.3,130.2,130.2,130.2,130.2,130.2,130.2,130.2
Chillers,1318080001,0.00436,104.2,106.4,108.5,116.8,116.2,114.2,119.9,119.8,121.2,121.1,122.4
Oil pump,1318080006,0.002,104,109.3,114.6,117.5,118,120.7,120.4,126.3,128.9,132.3,141.3
Grinding or polishing machine,1318100002,0.02477,102.4,112.2,117.9,113.2,112.6,109.4,114.6,116.9,121,123.8,127.9
Precision machinery equipment/Form tools,1318100004,0.11948,101.7,104.7,105.7,103.2,88,88.3,89,94.4,95.7,104.9,110
Dumper,1318110002,0.06785,106.1,100.6,107.3,109.6,105.8,91.2,95.7,91.7,89.1,88.6,94.6
Pressure vessel and tank for fermentation & other food processing,1318120002,0.05469,103.7,95.9,91.8,96.9,105.2,111.8,126.7,137.8,143,132.7,120.9
Machinery used in the milling industry,1318120003,0.02217,100.2,100.6,100.9,102.1,91.3,89.6,87.6,85.7,85.3,88.2,88.8
Separator,1318120004,0.00246,107.5,117.7,125.1,121.4,114.9,111.3,106.6,105.9,105.4,111.7,119
"m. Manufacture of machinery for textile, apparel and leather production",1318130000,0.19214,102.5,106.5,112.1,110.7,116.2,117.4,119.9,119.7,121.9,125.3,130
n. Manufacture of other special-purpose machinery,1318140000,0.46834,102.4,107.6,108.2,112.6,115.8,119.5,123.8,126.3,128.7,134.7,140.6
Moulding Machine,1318140002,0.09108,108.3,111.1,117.9,124.2,134.1,139.1,147.8,150.3,151,156.6,165.4
Pharmaceutical Machinery,1318140004,0.19273,103.8,110.2,106.5,111,115.1,119,123.8,128.9,133.4,140.3,145.5
Evaporator,1318140006,0.08073,98.1,102.8,111,113.1,114.1,119.9,121,120.3,122.1,128.6,133.4
"Light, medium & heavy commercial vehicles",1319010001,0.69584,107.4,113,114.1,113.6,114.1,113.9,114.1,114.2,114.5,116.1,117
Minibus/bus,1319010002,0.79295,105.9,108.1,109.7,111,111.6,115,116.5,120,128.4,134.2,141.8
Passenger vehicles,1319010003,0.86336,95.9,111.6,119.8,119.1,117.2,111.1,110.9,111.8,115.2,115.6,116.9
Filter element,1319020017,0.0503,102.8,103.8,99.9,105.4,106.6,98.6,96.6,97.8,99.8,108.3,108.9
(T). MANUFACTURE OF OTHER TRANSPORT EQUIPMENT,1320000000,1.64777,101.5,103,106.2,105.9,107.7,110.2,111.7,118,126.2,131.7,137.4
d. Manufacture of bicycles and invalid carriages,1320040000,0.117,105.9,109.9,114.1,115,118,121.3,127.8,128.9,130.3,137.2,139.8
e. Manufacture of other transport equipment,1320050000,0.00159,110.9,112.3,113.5,117.5,116.5,119.9,123.5,126.1,128.5,135.9,152.5
Steel shutter gate,1321010003,0.0684,107.5,116.4,122,122.7,128,138.9,161.3,170.6,181.6,220.2,240.1
Hospital furniture,1321010005,0.00087,103.6,107.9,115.9,116.9,119.7,123.6,116.2,118.7,114.8,122.8,127.2
(V). OTHER MANUFACTURING,1322000000,1.06417,96.4,95.7,105.4,116.9,119.7,109.2,107,112.7,132.4,137.9,147.7
Cricket ball,1322030002,0.00023,108.9,119.1,133.5,158.2,160.3,161.8,163.8,167.5,178.3,202.2,210.9
Cricket Bat,1322030003,0.00206,107.3,109.6,113.7,122.1,128.5,133.7,139.3,144.1,144.3,153.3,169.9
Football,1322030004,0.00562,105.9,106.2,113.7,117.5,125.7,126.5,128.4,129.3,133.5,141.7,152.9
Table Tennis Table,1322030005,0.0008,106.9,110.4,115,120.2,122,124.1,129.5,145.7,147.1,148.3,145.5
e. Manufacture of medical and dental instruments and supplies,1322050000,0.04941,115.5,122.4,125.1,144.6,143.3,151.9,159.2,162.1,167.4,171.8,170.4
I    PRIMARY ARTICLES,1100000000,22.61756,111.4,122.4,125.1,124.6,128.9,130.6,134.2,143.3,145.7,160.7,176.8
(A).  FOOD ARTICLES,1101000000,15.25585,110.9,124.5,131.5,134.9,140.3,143.2,143.7,155.8,160.7,167.3,179.5
a.  FOOD GRAINS (CEREALS+PULSES),1101010000,3.46238,115.1,124.5,128.4,137.3,152,142.6,146.7,159.6,159.3,163.5,178.6
Jowar,1101010103,0.06764,96.8,100.4,115.8,113.9,124.5,123.4,130.3,161.1,154.3,143.3,180.1
Gram,1101010201,0.26377,135.3,109.4,103,142,219.2,164.8,135.7,145.1,153.2,167.6,163.7
Peas/Chawali,1101010206,0.02444,131.1,137.5,132.7,132.8,141.3,135.7,165.4,188.7,196.7,210.3,206.2
Potato,1101020101,0.27737,162.9,176.5,227.3,127.5,175.6,117.9,192.6,193.9,290.7,191.4,238.1
Bottle gourd,1101020117,0.02323,114.1,161.5,161.6,138.4,129.2,129.8,133,152.1,147.3,164.8,166.6
Mango,1101020202,0.46209,96,86.8,107.3,121.2,132.1,126.7,130.2,155.4,180.8,162.3,216.1
Papaya,1101020207,0.06368,67.8,74.6,70,70.5,73.3,67.7,73.8,83,84.9,120.6,145.8
Pineapple,1101020209,0.03089,120,131.6,129.6,128.4,148.2,148,152.7,171,133.4,156.2,192.4
Guava,1101020210,0.0456,74,113.9,215.3,255.5,248,234.3,311.2,322.3,280.3,277.1,320.3
Mosambi (Sweet Orange),1101020214,0.02521,100.3,107.7,115.5,113,142.6,113.7,125.2,159.2,144.1,163.2,174.7
Amla,1101020216,0.01837,111.2,122,149.8,140.5,181,204.6,164.8,209.3,199.5,198.8,215.9
Pear,1101020218,0.01001,89.6,85.5,141.9,131,155.1,133.6,127.1,135,122.5,118,131.3
Egg,1101040001,0.23264,110.6,122.1,122.7,126.3,132.8,137,139.6,141,148.1,179.1,168.7
Fish-Inland,1101040002,0.525,115.1,136.9,137.3,140.5,139.8,142.5,145.7,153.2,143.5,149.8,170.1
Fish-Marine,1101040003,0.42182,114.6,120.5,125.7,130.6,117.9,122.4,134.1,148.3,148.7,161.3,178.1
Mutton,1101040004,0.44094,109.7,120.8,129.1,134.9,133.9,131.9,131,132,156.9,172.6,181.8
Beef and Buffalo Meat,1101040005,0.16159,103.5,112.7,120.1,120.1,127.1,147.8,150,159.1,163.1,163.9,156.9
Pork,1101040007,0.06051,107,115.4,124.6,123.4,133.6,136.9,141.7,167.8,185.5,197.3,194.8
e.  CONDIMENTS & SPICES,1101050000,0.52885,87.1,102.7,120.8,138.9,140.5,125.2,129.6,143.9,149.5,159.8,187.2
Cumin,1101050007,0.06256,102.5,101,91.6,108.1,124,132.3,126.6,120,106.3,105.3,168.4
Garlic,1101050008,0.05323,38.3,70.2,95.8,134.1,154.9,75.6,47.5,118.6,109.7,87.5,64.5
(B).  NON-FOOD ARTICLES,1102000000,4.11894,113.3,118.4,115.1,118.2,122.2,119.6,123.1,128.7,130.5,158.1,172.1
Safflower (Kardi Seed),1102020009,0.00221,114.4,113.7,99,107.4,114,135,145,185.3,162.2,196.8,206.1
Sunflower,1102020010,0.01659,112,114.3,108.7,114.5,111.5,99.8,112.7,121.1,129.6,174.5,175.6
Zinc Concentrate,1103010003,0.02752,109.3,123.4,164.6,166.3,158.1,182.9,196.2,215.3,189.2,261.4,293.3
b.  OTHER MINERALS,1103020000,0.18499,139.5,146.8,140.7,154.1,164.4,169.3,183.5,179,183.1,211,245.2
Garnet,1103020003,0.00139,100.5,102.6,123.4,138.5,153,217.9,280,287.7,287.7,332.8,337.3
(D). CRUDE PETROLEUM & NATURAL GAS,1104000000,2.4096,109.4,119,103.5,76.6,73.1,73,92.4,85.3,70.4,110.3,158.4
b. Non-Coking Coal,1201020000,1.40097,103.2,106.8,109.6,109.6,110.5,112.5,119,119,119.3,119.8,119.8
Lignite,1201030001,0.09013,98.9,99.2,99.2,94.7,90.2,104.2,120.3,129.1,130.9,170.5,271.1
HSD,1202000005,3.09548,111.6,126.3,114.8,73.4,74.4,84.4,97.1,93.7,80.2,128.2,191.4
Fish frozen/canned/processed,1301020002,0.14067,103,116.3,119.3,127.3,129.3,130.8,137.7,143.5,147,154.2,154.7
Fruit Juice including concentrates,1301030001,0.04695,102.9,106.9,106.2,110.1,110.9,113.1,106,106,109.7,110.7,112.2
Fruit pulp,1301030002,0.03326,104.6,109.9,115.2,121.5,124.5,117.5,107.5,107.3,109.6,110.5,120.7
"Jams, jellies, marmalades and puree",1301030003,0.02391,106.1,112.7,118.8,128.3,137,144.6,148.7,147.9,159.6,162.8,158.2
Rice Bran Oil,1301040007,0.29613,108,101.7,101.6,98.5,109.4,111.2,123.2,120.9,144.6,196.8,193.8
Cotton seed Oil,1301040011,0.07081,106.8,102.6,99.3,97.9,100.8,101.6,110,113.8,131.9,171.3,172.2
Condensed Milk,1301050001,0.02154,110.8,120.8,135.1,136.9,142.5,148.8,141.7,146,150.9,150.6,150.1
Powder Milk,1301050005,0.16715,103.5,118.4,131.4,121.2,116.8,125.5,112.6,142.3,143.4,142.7,163.7
Wheat Bran,1301060003,0.0397,119.4,130.2,137,140.2,157.1,153.2,162.1,181.9,168.8,177,204.2
Sooji (rawa ),1301060004,0.02473,114.5,128.6,131.3,131.9,141.8,138.6,146.8,153.2,148.1,147.7,173.6
"Biscuit, cookies",1301080001,0.15875,106.5,112.7,118,121.3,123.8,124.6,123.7,124.9,128.1,135.7,152.7
"i. Manufacture of sugar, molasses & honey",1301090000,1.16275,111.8,108.7,108.3,98.6,124.8,128,111.2,118.3,118.4,122.9,126.8
Molasses,1301090002,0.04486,116.6,133.4,145,137.2,166.2,135.2,30.9,102.6,116.4,130,140.8
"j. Manufacture of cocoa, chocolate and sugar confectionery",1301100000,0.17501,105.1,109.9,116.4,118.9,125.5,126.1,126.7,127.2,128,130.5,135.9
Processed Tea,1301120001,0.33175,111.7,123.2,121.9,123.9,126.6,129.8,140,141.9,171.6,176.3,182.4
n. Manufacture of processed ready to eat food,1301140000,0.02428,105.4,108.5,116.7,123,126.3,127.2,127,128.7,132.2,137,141.2
o. Manufacture of Health supplements,1301150000,0.225,106.5,121.4,127.2,135.7,143.2,141.1,143.6,159.9,142.9,153.5,179.4
Gola & similar Cattle Feed,1301160001,0.21073,123.9,141,141.6,148.4,158.3,154.1,157.4,174.7,171.9,197.9,213.3
Rice Bran Extract,1301160002,0.03918,117.9,128.3,120.9,123.4,141.4,135.4,145,161.9,154.6,178.6,215.4
(B). MANUFACTURE OF BEVERAGES,1302000000,0.90907,104.5,110.1,113.3,113.9,116.1,118.9,120.7,123.6,124.5,126.8,128.9
Wine,1302010002,0.09479,101.8,105.9,105.6,110.8,115.4,118.5,119.2,117,118.5,120.3,124.8
b. Manufacture of malt liquors and malt,1302020000,0.22526,101.7,107.1,111.3,111.4,114.2,117.9,120.5,125.7,126.5,130.5,134.5
Bottled Mineral water,1302030002,0.01755,104.4,112.7,117.9,115.4,117.4,123.2,125.2,124.4,125.7,126.8,127.6
Biri,1303010002,0.11183,111.5,118.6,126.6,138.4,150.2,173.7,187.5,189.3,193.6,203.1,209.3
(D). MANUFACTURE OF TEXTILES,1304000000,4.88068,104,111.8,112.7,109.1,111.2,113.4,117.9,117.7,117.6,135.2,142.7
a. Preparation and spinning of textile fibres,1304010000,2.58154,103.9,113,110.9,102.2,103.3,106.2,110.6,107.9,106.6,128.2,133.2
Cotton Yarn,1304010001,1.34192,104.8,116.8,114.8,106.7,110.2,113.3,116.8,114.6,114.2,140.3,149.4
Texturised and twisted Yarn,1304010005,0.50957,102.1,109.8,107.3,94.3,91.6,96.7,100.7,97.1,96.9,116.2,114.3
Cotton Dyed/printed textile,1304040004,0.049,99.8,104.9,113.5,114.9,118,124,128.7,128.3,128.8,133.9,150.3
Terry Towel,1304040006,0.05824,107.4,118.1,122.1,120.5,122.8,124.5,121.8,121.5,119.6,127.6,152
Curtains,1304040007,0.01942,110.6,110.5,119,121.7,135.6,140.6,143,144.3,146.4,149.9,153.5
Leather garments incl. Jackets,1305010004,0.0946,106.8,114.8,119.5,124.6,125.8,124.7,123.3,117.2,112.1,110.5,110.4
(F). MANUFACTURE OF LEATHER AND RELATED PRODUCTS,1306000000,0.5354,107.3,114.8,120.7,122,122.6,120.1,121.8,118.6,117.9,119.2,122.2
Chrome Tanned Leather,1306010002,0.14213,112.9,121.5,130.6,126.3,120,110.9,111,105.5,101.1,103.4,105.6
"Travel goods, handbags, office bags, etc.",1306020001,0.03798,110.6,119.1,127.1,129,131.2,132.6,137.3,140.4,143.9,149.5,147
c. Manufacture of footwear,1306030000,0.31785,104.4,110.6,115.4,117.6,121.5,121.6,123.5,120.3,120.6,121,125.2
Waterproof footwear,1306030005,0.01734,112.1,121.8,129.9,130.4,129,134.4,135.3,134.9,117.1,114.9,119.1
Wooden panel,1307030001,0.02696,113.3,117.7,128.9,148.8,166.8,176.4,176.8,199.4,212.6,223.4,237
d. Manufacture of wooden containers,1307040000,0.11876,115.8,131.8,139.3,138.7,140.3,134.5,124.1,125.7,125.7,134.1,136.7
Paper for printing & writing,1308010002,0.19261,102.7,112.4,117.3,116.8,119.3,123.2,133.8,134.1,126.8,135,165.5
Base paper,1308010004,0.01093,107.3,111.4,119.5,115.3,115.5,126.8,122.6,118.2,125.9,147.1,153.1
Kraft paper,1308010005,0.0822,102,107.5,112.8,115.6,117.7,128.2,126.2,117.3,124.8,157.5,154.2
Card board,1308010007,0.031,97,104.3,111.9,110,111.9,115.4,111,110.6,116.7,154.4,158
Bristle paper board,1308010011,0.03288,105.2,106.8,114.9,114.9,114.6,116.8,121.3,114.4,119.8,133.8,140.4
Pulp board,1308010013,0.00247,101.9,104.8,104.3,107.2,100.4,100.6,100.2,99.6,95.9,114.6,136.4
Laminated plastic sheet,1308030003,0.02803,105.1,116.8,115.9,107.9,106.1,111.9,115.4,116,107.9,119.9,131.1
Journal/periodical,1309010002,0.21333,108.2,120.9,132.6,142.7,149.7,148.5,152.4,158.2,161.7,168.9,190.7
Printed form & schedule,1309010004,0.01659,106.6,125,120.1,133.8,127.8,125.7,126.3,141.8,146.9,152.5,161.5
Ethyl acetate,1310010009,0.03246,98.9,105.8,112.6,101.7,98,103.7,115.6,105.1,110.4,142.2,135.7
Mono Ethyl Glycol,1310010010,0.04397,104,113,106.8,102.8,90.7,104.4,105.1,73.3,72.1,95.9,89.7
Alcohols,1310010022,0.12767,100,111.5,119,110.7,110.6,115.6,126.3,123.9,135.1,157.4,162.1
Ammonia liquid,1310020008,0.02116,123.4,125.4,126.7,120.9,109.1,107.2,120.8,124.6,118,183.8,260
c. Manufacture of plastic and synthetic rubber in primary form,1310030000,1.00082,108.9,118.5,124.4,115.3,113.7,113,117.6,112.4,116.7,140.3,143.2
Poly Vinyl Chloride (PVC),1310030002,0.08347,106.5,113.1,113.2,105.5,108.6,110.9,115.9,114.4,124.4,153.1,139.7
XLPE Compound,1310030006,0.10911,114.5,127.1,118.5,107,102.4,104,115.5,122.5,121,127.6,136.4
Insecticide and Pesticide,1310040001,0.38578,106.9,109.6,119.1,120,112.6,111.9,117.1,118.7,119.6,126.8,136.3
Shampoo,1310060010,0.01534,103.7,101.6,99.5,98.1,98.5,91.9,91,87,87.7,98.2,101.8
Safety matches (match box),1310070001,0.06202,105.5,104.1,102.8,106.5,108.2,109.2,110.2,108.5,112.7,118.1,120.6
Adhesive tape (non-medicinal),1310070005,0.02592,100.6,105.7,111.1,113.8,112.9,109.8,111.9,114.6,117.2,132.4,138.6
"Epoxy, liquid",1310070008,0.09037,100.5,106.3,105.9,102.6,100.5,106.1,114.9,117.3,116.3,125.7,122
Polyester chips or Polyethylene terepthalate (PET) chips,1310080001,0.14608,101.2,102.7,94.1,83.6,85.4,90.2,100.1,89.4,82.9,98.5,98.6
Acrylic fibre,1310080002,0.04353,101.7,106.5,105.9,100.2,100.2,102.8,107.8,106.4,104.7,115.9,124.8
"Antipyretic, analgesic, anti-inflammatory formulations",1311010003,0.00358,102.5,112.7,117.1,104,94.2,107.1,136.8,126.5,135.9,207.9,221.9
Cotton wool (medicinal),1311010018,0.00652,100,102,110.7,110.8,110.8,115.1,124.6,126.2,129,123.8,143.8
Plastic capsules,1311010019,0.07553,104.7,118.3,120.6,127.8,125.7,136.7,144.4,144,151.1,160.2,164.3
(L). MANUFACTURE OF RUBBER AND PLASTICS PRODUCTS,1312000000,2.29851,103.7,110.1,111.8,108.2,107.5,107.6,109.6,108.5,111.3,124.8,129.7
Motor Car Tyre,1312010001,0.20706,101.4,105.8,105.7,103.6,102.9,101,99.6,99,98.9,105,111.1
Solid Rubber Tyres/Wheels,1312010005,0.00473,103.4,103.2,102.8,100,98.1,98,97.3,96.1,97.8,100.1,105.7
Processed rubber,1312020003,0.01724,99.4,101,92,88.6,92.1,92.8,94.1,94.9,91.3,105.5,109.6
Rubber Crumb,1312020008,0.05232,90.8,89.1,73,64.6,69.3,68.7,69.3,69.3,69.1,78.6,76.7
Rubber Tread,1312020009,0.01864,103,98.4,105.2,91,86.6,88.1,87.2,87.3,88.5,94.9,103.5
c. Manufacture of plastics products,1312030000,1.41776,104.7,114.3,117.3,114,113.3,113.9,117.6,115.4,120.3,138,141.8
Polythene film,1312030005,0.04306,105.1,114.6,123.8,118.5,116.2,125.3,130.5,125.8,125.5,143.8,146.7
Plastic furniture,1312030006,0.0468,108.2,123,127.5,129.4,134.6,133.7,137.1,141.1,141.1,167.8,174.3
Fibre glass incl. sheet,1313010003,0.03063,103.1,108.7,113.9,119.5,122,122.7,128.2,126.1,130.3,137.2,146.3
Non ceramic tiles,1313020001,0.0076,108.2,113.1,120.2,124,122.5,129.6,145.7,148.5,147.2,157.1,176.3
Porcelain crockery,1313040001,0.02145,108.8,116.9,125.9,132.4,135.9,140.4,142.7,144.3,147.5,167,187.1
Ordinary Portland cement,1313050003,0.85277,107.2,104.3,110.1,107,107.8,111.4,112.6,119.9,120.8,125.4,135.2
Pozzolana cement,1313050005,0.09194,109.4,106.7,110.2,108.2,109.9,111.4,110.1,114,115.2,118.7,123.4
"f. Manufacture of articles of concrete, cement and plaster",1313060000,0.29248,108.8,112.5,116.5,116.1,115.3,118.9,121.5,121.6,125.3,129.2,134.4
Railway sleeper,1313060003,0.0049,107.9,111.3,117.1,116.7,116.2,125.4,136,144.3,150.3,157.3,174.3
Poles & posts of concrete,1313060005,0.02629,105.4,113.5,117.5,117.8,117.1,121.7,125.6,128,129.8,136,148.5
Graphite rod,1313080001,0.16911,108.6,106.9,94.5,87.8,70.9,89.9,130.4,86.6,78.9,90.6,105.9
(N). MANUFACTURE OF BASIC METALS,1314000000,9.64632,104.8,102.9,103.5,92,91.1,101.4,112.2,106.2,111.4,140.1,148.7
Silicomanganese,1314010005,0.21885,108.3,108,106.4,92.5,103.6,121.8,126.1,118,117.9,154.2,136.3
MS Slabs,1314030002,0.58341,110,108.8,108.8,107.2,105.5,98.3,98.3,98.3,99.3,109.3,115.7
Rails,1314040003,0.13227,90.6,91.2,95.1,95.2,95.3,97.9,108,115.1,121.9,120.5,128.1
GP/GC sheet,1314050003,0.1126,102.1,101.4,102.2,89.8,91.1,108.5,124.1,113.6,120.2,172.1,160.7
g. Stainless Steel - Semi Finished,1314070000,0.92396,101.9,98.2,103.3,89,84.1,98.2,112.7,102.9,108.7,141.7,151.9
Aluminium metal,1314090003,0.00188,106.6,108.1,117.7,109.3,106.3,110.7,111,107.6,110.8,134.2,142.5
"Lead ingots, bars, blocks, plates",1314090005,0.01906,103.9,110.8,106,94.9,98.5,112.2,116.5,113.5,114.6,135.3,139.9
Aluminium ingot,1314090012,0.4026,105,108.8,113.5,106.7,108.1,115.4,119.6,109.7,113.8,152.3,158.9
k. Forgings of steel,1314110000,0.27051,102.4,103.3,110.6,115.4,118.2,118.4,126.8,146.5,145.7,159,172.4
Mild steel (MS) flats & sheets,1315010002,0.14193,112.3,103.7,107.5,92.5,90.1,90.1,90.1,90.1,92.8,102.5,105
Steel structures,1315010005,0.59281,107.4,107.4,109.6,110.2,105.8,109.3,117.7,119.8,119.2,126.5,136
Cylinders,1315020001,0.56456,102,101.5,102.5,108.2,108.6,123.9,128.2,124.9,128.3,157.6,161.8
Boilers,1315030001,0.1225,109.2,118.4,104.2,102.3,110.1,110.6,107,105.6,98.6,95,99.9
Stainless steel razor,1315050002,0.11854,95.7,95.3,96.7,100.9,108.6,90.9,82.5,81.4,82.7,82.6,81.5
Lock/padlock,1315050005,0.00046,101.7,105.2,115.4,105.5,99.5,97.4,99.1,99.7,100.5,106.2,113
Hose pipes in set or otherwise,1315060007,0.09066,107.9,114.6,123,118.3,118,118.4,120.5,120.6,120.4,129.1,137.1
Personal Computer (P.C.),1316020001,0.10995,100.9,100.1,114.4,115.6,115.6,115.6,115.6,115.6,115.6,115.6,115.6
Laptops,1316020002,0.19068,91.7,97.2,130.5,140.4,140.4,140.4,149.5,154.1,154.1,154.1,154.1
Modems,1316030002,0.0042,100,99.7,95.7,95.7,95.7,95.7,95.7,85.2,84.2,79.1,80.2
Clock,1316060003,0.00513,108.2,118,122.7,122.6,122.6,127.5,130.8,130.8,130.8,153.7,175
"Electro-diagnostic apparatus, used in medical, surgical, dental or veterinary sciences",1316070001,0.04848,101.1,105.2,107.9,102,102,100.9,101.6,102.1,101.3,102.5,105.3
(Q). MANUFACTURE OF ELECTRICAL EQUIPMENT,1317000000,2.9297,103.4,104.8,109.5,109,108.2,109.6,111.7,111.3,113.6,122.3,128.8
Cooling tower,1317010002,0.00949,107.2,110.9,113.7,114.5,119.7,123.8,124.9,126.4,119,120.2,155.3
Transformer,1317010004,0.55072,103.6,100.2,110.6,104.5,101.4,99,100.9,103,109.7,115.9,117.5
A C Motor,1317010005,0.02218,101.4,104,109.7,111.8,113,115.5,117.9,121.1,126.5,136.7,142.7
Multimeter,1317010012,0.00014,102.6,106,112.7,122.8,128.8,129.8,132.7,133,133,133,135.1
PVC Insulated Cable,1317040001,0.08292,98.7,102.8,107.3,104.4,102.4,108.9,113.2,110.5,115.7,144.9,157.2
ACSR Conductors,1317040004,0.04741,103.4,106.6,111.6,109.5,109.6,114.1,117.6,114.5,116.2,129.4,133.7
Aluminium/Alloy Conductor,1317040005,0.02667,103,107,114.5,111.5,111,121.1,126.4,117.8,127.8,150,161.1
Electric heaters,1317060009,0.04214,118.3,128,140.7,148.2,145.8,153,154,149.5,135.8,140,160.9
g. Manufacture of other electrical equipment,1317070000,0.20589,101.7,104,107.6,107,104.4,107.2,108.6,108.6,109.5,113.2,117.4
Electric welding machine,1317070001,0.06077,101.7,101,101.7,96.4,93.6,94.1,95.3,95.9,94.9,98.7,105.8
(R). MANUFACTURE OF MACHINERY AND EQUIPMENT,1318000000,4.78899,103.6,105.8,108.3,109.2,107.9,108.9,111.3,113.1,114,120,126.2
Industrial valve,1318010002,0.61304,102.3,103.5,104.8,106.5,104.5,103.1,103.9,105.8,107.2,120.7,128.8
Pneumatic tools,1318020003,0.04017,100.2,100.2,100.2,102.7,105.2,105.9,110.1,113.1,114.2,115.6,118.8
"c. Manufacture of other pumps, compressors, taps and valves",1318030000,0.55183,102.1,107.9,108.8,107.6,106.6,108.6,108.9,111.2,111.6,115.1,117.6
Centrifugal Pumps,1318030001,0.02796,105.5,103.5,105.8,107.8,108.3,110,111.6,114.9,116.3,125.1,134.2
Air or vacuum pump,1318030003,0.17456,101.3,103.6,103.9,106.2,105.2,101.8,103.7,109.9,114.8,121.8,122.4
Motor Starter,1318040002,0.04757,100.8,104.1,106.9,106.6,104.6,103.7,105.1,108,111.4,119.4,127.1
Clutches and shaft couplings,1318040003,0.01187,105.6,111.6,112.5,111.5,105.8,104.9,107.2,109.5,111.2,120.3,127.8
Cranes,1318060001,0.0762,102,101.6,105.2,95,93.5,96.8,104.7,113.2,114.8,126.9,139.4
Deep freezers,1318080007,0.01599,104.2,96.7,97.9,99,99,95.8,95.9,96,95.6,99.4,104
Agriculture implements,1318090003,0.26218,105.4,108.2,110.7,110.8,109.7,109.9,117.3,123.4,124.9,136.5,148.6
Soil preparation & cultivation machinery (other than tractors),1318090005,0.0384,103.9,101.9,108,111.9,111.8,114,117.6,120.1,119.1,122.4,130.7
Road roller,1318110003,0.00995,100.1,103.6,104.8,107.3,107.3,110.6,117.1,115.5,118.7,122.9,123
Loader,1318110004,0.00379,103.2,115.9,123.9,127.5,136.3,133.7,139,140.5,141,141,140.9
Mixing machine,1318110006,0.00216,105.1,103.9,106.1,106.8,105.2,106.3,109.1,109.6,109.8,112.8,118
Machinery for plastic products - extruded,1318140001,0.08373,97.9,103.4,98.7,101.6,97.7,98.7,100.9,101.2,101.6,107.7,114.3
Packing machine,1318140005,0.01276,92.7,106.4,104.4,111.1,112.1,109.4,106.3,109.5,107.9,106,114
o. Manufacture of renewable electricity generating equipment,1318150000,0.04559,86.8,78.2,78.1,77.4,73.7,70.4,67.3,66,65.2,66.6,69.2
Solar power system (solar panel & attachable equipment),1318150001,0.02582,76.6,63.3,59.7,58.6,56.6,50.8,45.3,43.6,42.2,44.8,48.2
"(S). MANUFACTURE OF MOTOR VEHICLES, TRAILERS AND SEMI-TRAILERS",1319000000,4.96853,102.8,107.4,109.8,110.7,110.4,110.7,112.8,114.5,117.8,122.7,127.6
Body (for commercial motor vehicles),1319010005,0.08918,107.1,107.8,107.4,105.1,100.2,103.1,107.3,111,112.6,125,129.6
Engine,1319020001,0.83798,103.7,106,106.7,108.2,105.3,105.3,108.4,113.3,117,121.2,126.6
Wheels/Wheels & parts,1319020002,0.14275,102,96.6,99.8,97.8,94,97.5,103,105.8,102.2,118.2,128.8
"Brake pad/brake liner/brake block/Brake rubber, others",1319020010,0.10145,96.1,97.8,99.5,108.2,108.1,108.4,115.2,120.2,118.7,127.8,138.4
Head lamp,1319020011,0.03681,99.5,102.3,105.6,116.9,122,126.3,132.5,129.4,131,141,150.8
Gear box and parts,1319020012,0.31546,101.5,98.7,96.3,98.7,101.5,102.1,105.2,106.2,107.4,111.9,118.7
Steering gear control system,1319020013,0.08627,98.3,99.4,97.1,103.8,105.6,105.9,105.4,108.8,110.2,119.1,130.1
Cylinder liners,1319020014,0.08823,105.6,108.1,109.5,108,105,105.2,106.1,110.8,110.5,112.2,108.8
Chain,1319020015,0.0219,104.4,105.3,107.4,107.3,103.9,105.6,109.4,111.5,113.3,126,138.4
Seat for motor vehicles,1319020018,0.15245,106.7,108.7,130.1,131.2,132.6,146.3,158.6,137.5,144.1,158.9,162.4
EMU coaches,1320020002,0.02715,100.3,105.3,109.4,109.4,109.4,110,111.3,111.3,111.3,111.3,110.4
(U). MANUFACTURE OF FURNITURE,1321000000,0.72672,105.4,111.5,116.5,112.7,114.1,120.3,127.3,130.9,133.2,150.1,157.2
a. Manufacture of furniture,1321010000,0.72672,105.4,111.5,116.5,112.7,114.1,120.3,127.3,130.9,133.2,150.1,157.2
Plastic fixtures,1321010002,0.09781,110.9,118.6,120.6,115.5,111.4,109.3,111.8,114.2,117.4,126.8,126.9
Foam and rubber mattress,1321010006,0.10674,109.4,119.8,131.7,138.5,137.1,153.6,158.8,172.7,171.5,205.7,225.4
c. Manufacture of sports goods,1322030000,0.01238,106.5,106.6,113.9,118,124.7,126,127.4,129.7,132,140.4,150.5
d. Manufacture of games and toys,1322040000,0.00476,105.4,112.1,118.2,123.3,125.2,128.2,132.2,136.9,142.4,150.9,159
Playing Cards,1322040001,0.00207,104.2,110.7,117.8,124.2,126.9,130.3,132.6,134,141.6,150.1,162.5
Plastic moulded-others toys,1322040003,0.0021,106.1,112.7,117.6,120.2,120.7,124.5,130,136,138.9,143.5,147.5
Intraocular Lens,1322050001,0.04941,115.5,122.4,125.1,144.6,143.3,151.9,159.2,162.1,167.4,171.8,170.4
